,renewvia_id,country,community,connection_period_non_original_subscriber,connection_period,business_type,operation_status,non_renewvia_electrical_sources,appliances_addition_type,kerosene_usage_change,diesel_usage_change,operations_hours_change,business_hours_increase,clean_drinking_water_access,ci_offering_change,workforce_change,workforce_change_female,earnings_change,ci_new_offering,health_offering_change,clinic_offering_unable_prior_minigrid,school_attendance_change,school_offering_unable_prior_minigrid,school_performance,end_date,appliances_addition_count,health_offering_change_count
0,131206,2,kalobeyei_settlement,,4,2,,1.0,cold_storage__refrigerator_or_freezer;computer_or_tv;fan;,-1.0,-1.0,1,1.0,1.0,1,0.0,,1.0,lots_of_expenses_before_connection_of_renewvia_maingrid,,not_available,0.0,not_available,0.0,2022_07_20,4,0
1,131231,2,kalobeyei_settlement,,4,5,,1.0,cold_storage__refrigerator_or_freezer;exterior_lights;interior_lights;computer_or_tv;,-1.0,-1.0,1,1.0,1.0,1,1.0,,1.0,working_longer_hours,,not_available,0.0,not_available,0.0,2022_07_20,5,0
2,131542,2,kalobeyei_settlement,,4,2,,1.0,cold_storage__refrigerator_or_freezer;,-1.0,-1.0,1,1.0,1.0,1,0.0,,1.0,power_efficiency,,not_available,0.0,not_available,0.0,2022_07_20,2,0
3,131220,2,kalobeyei_settlement,,4,2,,1.0,cold_storage__refrigerator_or_freezer;computer_or_tv;other_electronic_device;interior_lights;exterior_lights;,1.0,1.0,1,2.0,1.0,1,1.0,,1.0,more_service_provision,,not_available,0.0,not_available,0.0,2022_07_20,6,0
4,131485,2,kalobeyei_settlement,,4,2,,1.0,no_additional_appliances;,-1.0,-1.0,1,1.0,1.0,0,0.0,,1.0,more_sales,,not_available,0.0,not_available,0.0,2022_07_20,2,0
5,131107,2,kalobeyei_settlement,,4,2,,1.0,interior_lights;exterior_lights;computer_or_tv;other_electronic_device;,-1.0,-1.0,1,1.0,1.0,1,0.0,,1.0,longer_service_hours_and_more_sales,,not_available,0.0,not_available,0.0,2022_07_20,5,0
6,131111,2,kalobeyei_settlement,,4,2,,1.0,interior_lights;exterior_lights;other_electronic_device;,-1.0,-1.0,1,1.0,1.0,1,1.0,,1.0,more_hours_of_customer_service,,not_available,0.0,not_available,0.0,2022_07_20,4,0
7,131214,2,kalobeyei_settlement,,4,2,,1.0,computer_or_tv;interior_lights;exterior_lights;other_electronic_device;,-1.0,-1.0,1,1.0,3.0,1,0.0,,0.0,good_service,,not_available,0.0,not_available,0.0,2022_07_20,5,0
8,131199,2,kalobeyei_settlement,,3,2,,1.0,interior_lights;other_electronic_device;,-1.0,-1.0,1,1.0,3.0,1,0.0,0,1.0,longer_working_hours,,not_available,0.0,not_available,0.0,2022_07_20,3,0
9,132296,2,kalobeyei_settlement,,4,2,1.0,1.0,interior_lights;exterior_lights;fan;computer_or_tv;other_electronic_device;,-1.0,-1.0,1,1.0,3.0,0,0.0,0,1.0,more_service_provision,,not_available,0.0,not_available,0.0,2022_07_20,6,0
10,131455,2,kalobeyei_settlement,,4,2,1.0,1.0,cold_storage__refrigerator_or_freezer;interior_lights;exterior_lights;fan;computer_or_tv;other_electronic_device;,-1.0,-1.0,1,2.0,3.0,1,1.0,1,1.0,good_sales_and_customer_services,,not_available,0.0,not_available,0.0,2022_07_20,7,0
11,131295,2,kalobeyei_settlement,,4,2,1.0,1.0,other_electronic_device;,-1.0,-1.0,1,1.0,3.0,1,0.0,0,1.0,improved_customer_service,,not_available,0.0,not_available,0.0,2022_07_20,2,0
12,131225,2,kalobeyei_settlement,,3,2,1.0,1.0,other_electronic_device;computer_or_tv;interior_lights;,-1.0,-1.0,1,1.0,3.0,1,0.0,,1.0,good_service_delivery,,not_available,0.0,not_available,0.0,2022_07_20,4,0
13,131101,2,kalobeyei_settlement,,4,5,1.0,1.0,cold_storage__refrigerator_or_freezer;interior_lights;fan;,-1.0,-1.0,1,1.0,3.0,0,0.0,,1.0,increased_service_delivery,,not_available,0.0,not_available,0.0,2022_07_20,4,0
14,311102,2,kalobeyei_settlement,,4,2,1.0,1.0,no_additional_appliances;interior_lights;,-1.0,-1.0,1,1.0,3.0,1,0.0,0,1.0,more_product,,not_available,0.0,not_available,0.0,2022_07_20,3,0
15,131670,2,kalobeyei_settlement,,4,2,1.0,1.0,interior_lights;fan;computer_or_tv;other_electronic_device;,-1.0,-1.0,1,1.0,3.0,1,0.0,,1.0,more_services,,not_available,0.0,not_available,0.0,2022_07_20,5,0
16,131515,2,kalobeyei_settlement,5.0,4,2,1.0,1.0,no_additional_appliances;,-1.0,-1.0,1,1.0,3.0,0,0.0,,0.0,sales_still_same,,not_available,0.0,not_available,0.0,2022_07_20,2,0
17,131209,2,kalobeyei_settlement,5.0,4,2,1.0,1.0,interior_lights;cold_storage__refrigerator_or_freezer;,-1.0,-1.0,1,1.0,3.0,1,0.0,0,1.0,better_product,,not_available,0.0,not_available,0.0,2022_07_20,3,0
18,131297,2,kalobeyei_settlement,5.0,4,2,1.0,1.0,cold_storage__refrigerator_or_freezer;interior_lights;,-1.0,-1.0,1,1.0,3.0,0,0.0,0,1.0,more_products,,not_available,0.0,not_available,0.0,2022_07_20,3,0
19,131221,2,kalobeyei_settlement,5.0,4,2,1.0,1.0,no_additional_appliances;,-1.0,-1.0,1,1.0,3.0,0,0.0,0,1.0,good_service,,not_available,0.0,not_available,0.0,2022_07_20,2,0
20,131223,2,kalobeyei_settlement,3.0,4,5,1.0,1.0,cold_storage__refrigerator_or_freezer;interior_lights;other_electronic_device;,-1.0,-1.0,1,2.0,3.0,1,1.0,3,1.0,more_and_efficient_customer_service,,not_available,0.0,not_available,0.0,2022_07_20,4,0
21,131175,2,kalobeyei_settlement,5.0,4,4,1.0,3.0,fan;interior_lights;other_electronic_device;,-1.0,-1.0,1,1.0,3.0,1,0.0,0,1.0,good_services,,not_available,0.0,not_available,0.0,2022_07_21,4,0
22,131503,2,kalobeyei_settlement,5.0,4,2,1.0,1.0,no_additional_appliances;,-1.0,-1.0,1,1.0,3.0,1,1.0,1,1.0,more_stock_to_customers,,not_available,0.0,not_available,0.0,2022_07_21,2,0
23,131181,2,kalobeyei_settlement,5.0,4,2,1.0,1.0,other_electronic_device;interior_lights;,-1.0,-1.0,1,1.0,3.0,1,0.0,0,1.0,good_customer_service,,not_available,0.0,not_available,0.0,2022_07_21,3,0
24,131213,2,kalobeyei_settlement,5.0,4,2,1.0,1.0,cold_storage__refrigerator_or_freezer;interior_lights;fan;computer_or_tv;,-1.0,-1.0,1,1.0,3.0,1,1.0,0,1.0,good_service_and_sales,,not_available,0.0,not_available,0.0,2022_07_21,5,0
25,131159,2,kalobeyei_settlement,5.0,4,1,1.0,1.0,interior_lights;cold_storage__refrigerator_or_freezer;fan;exterior_lights;computer_or_tv;,-1.0,-1.0,1,1.0,3.0,0,0.0,0,1.0,beeter_patient_attendance,clinic_stays_open_longer_hours;clinic_can_see_more_patients;wait_times_are_shorter;,improved_service_both_digitally_and_manually,0.0,not_available,0.0,2022_07_21,6,3
26,131328,2,kalobeyei_settlement,5.0,4,2,1.0,1.0,cold_storage__refrigerator_or_freezer;interior_lights;,-1.0,-1.0,1,1.0,3.0,1,0.0,0,1.0,good_sales,,not_available,0.0,not_available,0.0,2022_07_21,3,0
27,131586,2,kalobeyei_settlement,5.0,4,2,1.0,1.0,cold_storage__refrigerator_or_freezer;interior_lights;,-1.0,-1.0,1,1.0,3.0,1,0.0,0,1.0,offering_more_sales,,not_available,0.0,not_available,0.0,2022_07_21,3,0
28,131582,2,kalobeyei_settlement,4.0,3,2,1.0,1.0,interior_lights;cold_storage__refrigerator_or_freezer;,-1.0,-1.0,1,1.0,3.0,0,0.0,0,1.0,offering_longer_working_hours,,not_available,0.0,not_available,0.0,2022_07_21,3,0
29,131294,2,kalobeyei_settlement,5.0,4,5,1.0,1.0,interior_lights;fan;exterior_lights;computer_or_tv;,-1.0,-1.0,1,1.0,3.0,0,0.0,0,1.0,more_customers_services,,not_available,0.0,not_available,0.0,2022_07_21,5,0
30,131216,2,kalobeyei_settlement,5.0,4,2,1.0,1.0,cold_storage__refrigerator_or_freezer;interior_lights;exterior_lights;fan;computer_or_tv;no_additional_appliances;,-1.0,-1.0,1,1.0,3.0,0,0.0,0,1.0,timely_operations,,not_available,0.0,not_available,0.0,2022_07_21,7,0
31,131269,2,kalobeyei_settlement,5.0,4,5,1.0,1.0,other_electronic_device;cold_storage__refrigerator_or_freezer;interior_lights;exterior_lights;fan;,-1.0,-1.0,1,1.0,3.0,1,1.0,1,1.0,more_and_faster_service,,not_available,0.0,not_available,0.0,2022_07_21,6,0
32,131314,2,kalobeyei_settlement,5.0,4,5,1.0,1.0,interior_lights;exterior_lights;fan;computer_or_tv;no_additional_appliances;,-1.0,-1.0,1,1.0,3.0,1,1.0,2,1.0,good_customer_service,,not_available,0.0,not_available,0.0,2022_07_21,6,0
33,131293,2,kalobeyei_settlement,5.0,4,5,1.0,2.0,cold_storage__refrigerator_or_freezer;interior_lights;exterior_lights;fan;computer_or_tv;no_additional_appliances;,-1.0,-1.0,1,2.0,3.0,1,0.0,0,0.0,not_available,,not_available,1.0,good_attendance_and_commitment,1.0,2022_07_21,7,0
34,131400,2,kalobeyei_settlement,5.0,4,4,1.0,1.0,interior_lights;exterior_lights;computer_or_tv;other_electronic_device;cold_storage__refrigerator_or_freezer;fan;,-1.0,-1.0,1,1.0,1.0,1,0.0,0,1.0,provision_of_aid_to_the_community,,not_available,1.0,good_attendance,1.0,2022_07_21,7,0
35,131291,2,kalobeyei_settlement,5.0,4,5,1.0,1.0,fan;interior_lights;computer_or_tv;other_electronic_device;cold_storage__refrigerator_or_freezer;exterior_lights;,-1.0,-1.0,1,1.0,3.0,1,1.0,5,1.0,more_working_space_more_service_provision_and_more_products_available__to_the_people,,not_available,0.0,not_available,0.0,2022_07_21,7,0
36,131194,2,kalobeyei_settlement,5.0,4,5,1.0,1.0,cold_storage__refrigerator_or_freezer;interior_lights;exterior_lights;fan;computer_or_tv;,-1.0,-1.0,1,1.0,3.0,0,0.0,0,1.0,effient_customer_service,,not_available,0.0,not_available,0.0,2022_07_21,6,0
37,131319,2,kalobeyei_settlement,5.0,4,5,1.0,1.0,fan;interior_lights;exterior_lights;computer_or_tv;no_additional_appliances;,-1.0,-1.0,1,1.0,3.0,1,1.0,1,1.0,excellent_services,,not_available,0.0,not_available,0.0,2022_07_21,6,0
38,131344,2,kalobeyei_settlement,5.0,4,2,1.0,1.0,cold_storage__refrigerator_or_freezer;interior_lights;exterior_lights;fan;computer_or_tv;no_additional_appliances;,-1.0,-1.0,1,1.0,3.0,1,0.0,0,1.0,more_sales,,not_available,0.0,not_available,0.0,2022_07_21,7,0
39,131324,2,kalobeyei_settlement,5.0,4,5,1.0,1.0,interior_lights;exterior_lights;fan;computer_or_tv;no_additional_appliances;,-1.0,-1.0,1,3.0,3.0,0,1.0,0,1.0,longer_entertainment_hours,,not_available,0.0,not_available,0.0,2022_07_21,6,0
40,131215,2,kalobeyei_settlement,5.0,4,2,1.0,1.0,cold_storage__refrigerator_or_freezer;interior_lights;fan;no_additional_appliances;,-1.0,-1.0,1,1.0,3.0,0,0.0,0,1.0,i_sell_more,,not_available,0.0,not_available,0.0,2022_07_21,5,0
41,131287,2,kalobeyei_settlement,3.0,3,2,1.0,1.0,cold_storage__refrigerator_or_freezer;interior_lights;no_additional_appliances;,-1.0,-1.0,1,1.0,3.0,0,1.0,0,1.0,more_customer_satisfaction,,not_available,0.0,,0.0,2022_07_21,4,0
42,131177,2,kalobeyei_settlement,5.0,3,2,1.0,1.0,interior_lights;cold_storage__refrigerator_or_freezer;fan;other_electronic_device;,-1.0,-1.0,1,1.0,3.0,1,1.0,2,1.0,good_services,,not_available,0.0,not_available,0.0,2022_07_21,5,0
43,131429,2,kalobeyei_settlement,5.0,4,5,1.0,1.0,computer_or_tv;interior_lights;no_additional_appliances;,-1.0,-1.0,1,1.0,3.0,0,0.0,0,1.0,more_entertainment_provision,,not_available,0.0,not_available,0.0,2022_07_21,4,0
44,131641,2,kalobeyei_settlement,4.0,3,1,1.0,2.0,cold_storage__refrigerator_or_freezer;interior_lights;exterior_lights;fan;computer_or_tv;other_electronic_device;,-1.0,-1.0,1,3.0,3.0,1,1.0,5,0.0,service_provision_effieciently,clinic_can_see_more_patients;clinic_stays_open_longer_hours;clinic_now_has_a_refrigerator_for_vaccines;wait_times_are_shorter;,extended_services,0.0,not_available,0.0,2022_07_21,7,4
45,131405,2,kalobeyei_settlement,2.0,2,5,1.0,1.0,cold_storage__refrigerator_or_freezer;interior_lights;exterior_lights;fan;computer_or_tv;other_electronic_device;,-1.0,-1.0,1,2.0,3.0,1,1.0,1,1.0,customer_satisfaction,,not_available,0.0,not_available,0.0,2022_07_21,7,0
46,131332,2,kalobeyei_settlement,5.0,4,5,1.0,1.0,cold_storage__refrigerator_or_freezer;interior_lights;exterior_lights;fan;computer_or_tv;other_electronic_device;,-1.0,-1.0,1,2.0,3.0,1,1.0,1,1.0,good_custer_service_and_adsistance,,not_now,0.0,not_now,0.0,2022_07_21,7,0
47,131581,2,kalobeyei_settlement,3.0,4,2,1.0,3.0,cold_storage__refrigerator_or_freezer;interior_lights;fan;no_additional_appliances;,-1.0,-1.0,1,1.0,3.0,0,0.0,0,1.0,meet_customer_demands_like_selling_cold_drink,,not_available,0.0,not_available,0.0,2022_07_21,5,0
48,131207,2,kalobeyei_settlement,3.0,4,2,1.0,1.0,interior_lights;fan;no_additional_appliances;,-1.0,-1.0,1,1.0,3.0,1,0.0,0,1.0,more_customer_preference_due_to_reduced_expence_on_fuel_,,not_available,0.0,not_available,0.0,2022_07_21,4,0
49,131665,2,kalobeyei_settlement,1.0,1,2,1.0,1.0,interior_lights;exterior_lights;no_additional_appliances;,-1.0,-1.0,1,1.0,3.0,0,0.0,1,1.0,good_market,,not_available,0.0,not_available,0.0,2022_07_21,4,0
50,131524,2,kalobeyei_settlement,5.0,4,2,1.0,1.0,interior_lights;no_additional_appliances;,-1.0,-1.0,1,1.0,3.0,0,0.0,0,1.0,glad_customer_service,,not_available,0.0,not_available,0.0,2022_07_21,3,0
51,131568,2,kalobeyei_settlement,5.0,4,2,1.0,1.0,cold_storage__refrigerator_or_freezer;interior_lights;no_additional_appliances;,-1.0,-1.0,1,1.0,3.0,1,0.0,0,1.0,more_and_fresh_available_goods_at_any_time,,not_available,0.0,not_available,0.0,2022_07_21,4,0
52,131550,2,kalobeyei_settlement,4.0,3,4,1.0,1.0,interior_lights;exterior_lights;other_electronic_device;,-1.0,-1.0,1,1.0,3.0,1,1.0,2,1.0,good_hair_making_and_dressing,,not_available,0.0,not_available,0.0,2022_07_21,4,0
53,131571,2,kalobeyei_settlement,4.0,4,2,1.0,1.0,interior_lights;no_additional_appliances;,-1.0,-1.0,1,1.0,3.0,1,0.0,0,1.0,able_to_privede_longer_hours_of_customer_satisfaction,,not_available,0.0,not_available,0.0,2022_07_21,3,0
54,131387,2,kalobeyei_settlement,5.0,4,2,1.0,1.0,interior_lights;fan;computer_or_tv;no_additional_appliances;,-1.0,-1.0,1,1.0,1.0,1,0.0,,1.0,i_give_much_services_due_to_long_hours_of_operation,,not_available,0.0,not_available,0.0,2022_07_22,5,0
55,131487,2,kalobeyei_settlement,5.0,4,5,1.0,1.0,interior_lights;exterior_lights;fan;computer_or_tv;other_electronic_device;,-1.0,-1.0,1,1.0,1.0,1,0.0,0,0.0,not_available,,not_available,0.0,not_available,0.0,2022_07_22,6,0
56,131596,2,kalobeyei_settlement,5.0,4,5,1.0,1.0,interior_lights;exterior_lights;other_electronic_device;,-1.0,-1.0,1,1.0,3.0,1,1.0,2,1.0,well_services,,not_available,1.0,learners_are_able_to_use_new_tools,1.0,2022_07_22,4,0
57,131599,2,kalobeyei_settlement,5.0,4,3,1.0,1.0,interior_lights;exterior_lights;computer_or_tv;fan;no_additional_appliances;,0.0,-1.0,-1,1.0,3.0,1,0.0,0,0.0,not_available,,not_available,1.0,night_classes_plan_to_initiate_digital_learning_and_electrical_jikos,1.0,2022_07_22,6,0
58,131598,2,kalobeyei_settlement,4.0,3,3,1.0,1.0,other_electronic_device;computer_or_tv;fan;exterior_lights;interior_lights;cold_storage__refrigerator_or_freezer;,-1.0,-1.0,1,2.0,3.0,1,0.0,0,0.0,not_available,,not_available,1.0,we_can_offer_early_and_late_learning_good_communication_ability_to_do_out_own_printouts,1.0,2022_07_22,7,0
59,131509,2,kalobeyei_settlement,5.0,4,2,1.0,3.0,cold_storage__refrigerator_or_freezer;interior_lights;exterior_lights;no_additional_appliances;,-1.0,-1.0,1,1.0,3.0,0,0.0,0,1.0,i_sell_longer,,not_available,0.0,not_available,0.0,2022_07_22,5,0
60,131243,2,kalobeyei_settlement,5.0,4,2,1.0,1.0,cold_storage__refrigerator_or_freezer;interior_lights;no_additional_appliances;computer_or_tv;,-1.0,-1.0,1,1.0,1.0,0,1.0,0,1.0,more_sales_and_services,,not_available,0.0,not_available,0.0,2022_07_22,5,0
61,131603,2,kalobeyei_settlement,5.0,4,5,1.0,1.0,interior_lights;computer_or_tv;exterior_lights;no_additional_appliances;,-1.0,-1.0,1,1.0,1.0,1,0.0,0,0.0,not_available,,not_available,0.0,not_available,0.0,2022_07_22,5,0
62,131310,2,kalobeyei_settlement,4.0,3,5,1.0,1.0,cold_storage__refrigerator_or_freezer;interior_lights;exterior_lights;fan;computer_or_tv;no_additional_appliances;,-1.0,-1.0,1,1.0,1.0,1,1.0,2,1.0,accomodations_internet_to_customers,,not_available,0.0,not_available,0.0,2022_07_22,7,0
63,131392,2,kalobeyei_settlement,4.0,3,4,1.0,1.0,interior_lights;exterior_lights;other_electronic_device;,-1.0,-1.0,1,1.0,3.0,0,0.0,0,0.0,not_available,,not_available,0.0,not_available,0.0,2022_07_22,4,0
64,131248,2,kalobeyei_settlement,5.0,4,2,1.0,1.0,cold_storage__refrigerator_or_freezer;interior_lights;exterior_lights;fan;no_additional_appliances;,-1.0,-1.0,1,1.0,3.0,0,0.0,0,1.0,i_sell_more,,not_available,0.0,not_available,0.0,2022_07_22,6,0
65,131608,2,kalobeyei_settlement,5.0,4,2,1.0,1.0,interior_lights;exterior_lights;fan;no_additional_appliances;,-1.0,-1.0,1,1.0,3.0,0,0.0,0,1.0,good_services,,not_available,0.0,not_available,0.0,2022_07_22,5,0
66,131249,2,kalobeyei_settlement,5.0,4,2,1.0,1.0,interior_lights;cold_storage__refrigerator_or_freezer;exterior_lights;no_additional_appliances;,-1.0,-1.0,1,1.0,3.0,0,1.0,1,1.0,quick_and_good_service,,not_available,0.0,not_available,0.0,2022_07_22,5,0
67,131338,2,kalobeyei_settlement,5.0,4,2,1.0,1.0,cold_storage__refrigerator_or_freezer;interior_lights;exterior_lights;fan;computer_or_tv;no_additional_appliances;,-1.0,-1.0,1,2.0,3.0,0,0.0,0,1.0,customers_satisfaction,,not_available,0.0,not_available,0.0,2022_07_22,7,0
68,131523,2,kalobeyei_settlement,5.0,4,2,1.0,3.0,interior_lights;exterior_lights;fan;no_additional_appliances;,-1.0,-1.0,1,1.0,1.0,0,0.0,0,1.0,ability_to_satisfy_my_clients,,not_available,0.0,not_available,0.0,2022_07_22,5,0
69,131234,2,kalobeyei_settlement,5.0,4,5,1.0,2.0,fan;interior_lights;exterior_lights;no_additional_appliances;computer_or_tv;,-1.0,-1.0,1,3.0,3.0,0,0.0,0,1.0,providing_more_entertainmeny,,not_now,0.0,not_available,0.0,2022_07_22,6,0
70,131320,2,kalobeyei_settlement,5.0,4,5,1.0,1.0,exterior_lights;interior_lights;computer_or_tv;no_additional_appliances;,-1.0,-1.0,1,3.0,3.0,0,0.0,0,1.0,excellent_shows_and_entertainment,,not_available,0.0,not_available,0.0,2022_07_22,5,0
71,131667,2,kalobeyei_settlement,1.0,1,2,1.0,3.0,interior_lights;exterior_lights;computer_or_tv;other_electronic_device;,-1.0,-1.0,1,1.0,3.0,0,0.0,0,1.0,stability_in_supply_since_connection,,not_available,0.0,not_available,0.0,2022_07_22,5,0
72,131336,2,kalobeyei_settlement,4.0,3,5,1.0,1.0,cold_storage__refrigerator_or_freezer;interior_lights;exterior_lights;fan;computer_or_tv;no_additional_appliances;,-1.0,-1.0,1,2.0,3.0,0,1.0,1,1.0,more_customer_attendance_and_easily,,not_available,0.0,not_available,0.0,2022_07_22,7,0
73,131106,2,kalobeyei_settlement,3.0,4,2,1.0,1.0,cold_storage__refrigerator_or_freezer;interior_lights;exterior_lights;other_electronic_device;,-1.0,-1.0,1,1.0,3.0,0,0.0,0,1.0,good_services_offered,,not_available,0.0,not_available,0.0,2022_07_22,5,0
74,131597,2,kalobeyei_settlement,5.0,4,3,1.0,1.0,interior_lights;exterior_lights;computer_or_tv;fan;no_additional_appliances;,-1.0,-1.0,1,1.0,1.0,1,0.0,0,0.0,not_available,,not_available,1.0,noticed_good_attendance_teachers_and_students_commitment,1.0,2022_07_22,6,0
75,131516,2,kalobeyei_settlement,5.0,4,2,1.0,3.0,cold_storage__refrigerator_or_freezer;interior_lights;exterior_lights;fan;no_additional_appliances;,-1.0,-1.0,1,1.0,3.0,0,0.0,0,1.0,customers_variety_like_fresh_and_cold_drinks,,not_available,0.0,not_available,0.0,2022_07_22,6,0
76,131198,2,kalobeyei_settlement,4.0,4,2,1.0,1.0,interior_lights;exterior_lights;fan;no_additional_appliances;,-1.0,-1.0,1,1.0,3.0,1,0.0,0,1.0,selling_more_products,,not_available,0.0,not_available,0.0,2022_07_22,5,0
77,131435,2,kalobeyei_settlement,5.0,4,2,1.0,1.0,cold_storage__refrigerator_or_freezer;interior_lights;exterior_lights;no_additional_appliances;,-1.0,-1.0,1,1.0,3.0,1,1.0,1,1.0,im_able_to_offer_extended_services_to_many,,not_available,0.0,not_available,0.0,2022_07_22,5,0
78,131183,2,kalobeyei_settlement,5.0,4,2,1.0,1.0,cold_storage__refrigerator_or_freezer;interior_lights;exterior_lights;fan;no_additional_appliances;,-1.0,-1.0,1,1.0,3.0,1,1.0,0,1.0,providing_services_and_meeting_customers_demands_like_phone_charging,,not_available,0.0,not_available,0.0,2022_07_22,6,0
79,131261,2,kalobeyei_settlement,5.0,4,4,1.0,2.0,interior_lights;other_electronic_device;,-1.0,-1.0,1,1.0,1.0,1,0.0,0,0.0,not_available,,not_available,0.0,not_available,0.0,2022_07_22,3,0
80,131119,2,kalobeyei_settlement,5.0,4,5,1.0,1.0,cold_storage__refrigerator_or_freezer;interior_lights;exterior_lights;computer_or_tv;other_electronic_device;,-1.0,-1.0,1,2.0,1.0,0,1.0,1,1.0,better_and_fresh_products,,not_available,0.0,not_available,0.0,2022_07_22,6,0
81,131601,2,kalobeyei_settlement,5.0,4,1,1.0,2.0,cold_storage__refrigerator_or_freezer;interior_lights;exterior_lights;fan;computer_or_tv;other_electronic_device;,-1.0,-1.0,1,1.0,1.0,1,0.0,0,1.0,not_available,clinic_now_has_a_refrigerator_for_vaccines;clinic_stays_open_longer_hours;clinic_can_see_more_patients;wait_times_are_shorter;,faster_patient_attendance_due_to_up_to_time_systems_,0.0,not_available,0.0,2022_07_22,7,4
82,131157,2,kalobeyei_settlement,5.0,4,5,1.0,2.0,fan;computer_or_tv;interior_lights;no_additional_appliances;,-1.0,-1.0,1,3.0,3.0,0,0.0,0,1.0,more_entertainment_,,not_available,0.0,not_available,0.0,2022_07_22,5,0
83,131292,2,kalobeyei_settlement,5.0,4,5,1.0,1.0,interior_lights;exterior_lights;fan;computer_or_tv;no_additional_appliances;,-1.0,-1.0,1,1.0,1.0,0,0.0,0,0.0,not_available,,not_available,0.0,not_available,,2022_07_22,6,0
84,131567,2,kalobeyei_settlement,5.0,4,5,1.0,1.0,interior_lights;no_additional_appliances;exterior_lights;,-1.0,-1.0,1,1.0,1.0,0,0.0,0,1.0,more_sales,,not_available,0.0,not_available,0.0,2022_07_22,4,0
85,131569,2,kalobeyei_settlement,5.0,4,2,1.0,1.0,cold_storage__refrigerator_or_freezer;interior_lights;exterior_lights;no_additional_appliances;,-1.0,-1.0,1,1.0,1.0,0,0.0,0,1.0,customer_service,,not_available,0.0,not_available,0.0,2022_07_22,5,0
86,141198,2,kalobeyei_town,5.0,4,5,1.0,1.0,computer_or_tv;exterior_lights;interior_lights;other_electronic_device;,-1.0,-1.0,1,1.0,1.0,1,0.0,0,1.0,more_cyber_space,,not_available,0.0,not_available,0.0,2022_07_23,5,0
87,141108,2,kalobeyei_town,4.0,4,2,1.0,1.0,interior_lights;cold_storage__refrigerator_or_freezer;exterior_lights;no_additional_appliances;,-1.0,-1.0,1,1.0,1.0,0,0.0,0,1.0,i_can_work_till_late,,not_available,0.0,not_available,0.0,2022_07_23,5,0
88,141121,2,kalobeyei_town,4.0,4,5,1.0,1.0,cold_storage__refrigerator_or_freezer;interior_lights;exterior_lights;fan;computer_or_tv;no_additional_appliances;,-1.0,-1.0,1,1.0,1.0,0,0.0,0,1.0,more_customer_services,,not_available,0.0,not_available,0.0,2022_07_23,7,0
89,141126,2,kalobeyei_town,4.0,4,2,1.0,1.0,cold_storage__refrigerator_or_freezer;interior_lights;exterior_lights;no_additional_appliances;,-1.0,-1.0,1,1.0,1.0,0,1.0,3,1.0,better_product,,not_available,0.0,not_available,0.0,2022_07_23,5,0
90,141130,2,kalobeyei_town,5.0,4,2,1.0,1.0,cold_storage__refrigerator_or_freezer;interior_lights;exterior_lights;no_additional_appliances;,-1.0,-1.0,1,1.0,1.0,0,0.0,0,1.0,more_services_and_goods,,not_available,0.0,not_available,0.0,2022_07_23,5,0
91,141122,2,kalobeyei_town,5.0,4,5,1.0,1.0,cold_storage__refrigerator_or_freezer;interior_lights;exterior_lights;fan;computer_or_tv;no_additional_appliances;,-1.0,-1.0,1,1.0,1.0,0,0.0,0,1.0,better_sales_and_customer_services,,not_available,0.0,not_available,0.0,2022_07_23,7,0
92,141179,2,kalobeyei_town,5.0,4,2,1.0,1.0,cold_storage__refrigerator_or_freezer;interior_lights;exterior_lights;no_additional_appliances;,-1.0,-1.0,1,1.0,1.0,0,0.0,0,1.0,improvement_in_service_delivery,,not_available,0.0,not_available,0.0,2022_07_23,5,0
93,141166,2,kalobeyei_town,5.0,4,2,1.0,1.0,cold_storage__refrigerator_or_freezer;interior_lights;exterior_lights;no_additional_appliances;,-1.0,-1.0,1,1.0,1.0,0,0.0,0,1.0,not_so_good_but_better,,not_availble,0.0,not_available,0.0,2022_07_23,5,0
94,131112,2,kalobeyei_town,5.0,4,2,1.0,1.0,interior_lights;exterior_lights;no_additional_appliances;,-1.0,-1.0,1,1.0,1.0,0,0.0,0,1.0,able_to_sell_well,,not_available,0.0,not_available,0.0,2022_07_23,4,0
95,141137,2,kalobeyei_town,5.0,4,2,1.0,1.0,interior_lights;exterior_lights;no_additional_appliances;,-1.0,-1.0,1,1.0,1.0,0,0.0,0,1.0,noticed_some_changes,,not_available,0.0,not_available,0.0,2022_07_23,4,0
96,141155,2,kalobeyei_town,5.0,4,2,1.0,1.0,interior_lights;exterior_lights;no_additional_appliances;,-1.0,-1.0,1,1.0,1.0,0,0.0,0,1.0,improvement,,not_available,0.0,not_available,0.0,2022_07_23,4,0
97,141106,2,kalobeyei_town,5.0,4,2,1.0,1.0,interior_lights;exterior_lights;cold_storage__refrigerator_or_freezer;no_additional_appliances;,-1.0,-1.0,1,1.0,1.0,0,0.0,0,1.0,meeting_customer_demands,,not_available,0.0,not_available,0.0,2022_07_23,5,0
98,141150,2,kalobeyei_town,5.0,4,2,1.0,1.0,cold_storage__refrigerator_or_freezer;exterior_lights;interior_lights;no_additional_appliances;,-1.0,-1.0,1,1.0,1.0,0,0.0,0,1.0,improvement_though_inconsistent,,not_operational,0.0,not_available,0.0,2022_07_23,5,0
99,141153,2,kalobeyei_town,5.0,4,4,1.0,1.0,interior_lights;exterior_lights;other_electronic_device;,-1.0,-1.0,1,1.0,1.0,1,1.0,1,0.0,not_available,,not_available,0.0,not_available,0.0,2022_07_23,4,0
100,141123,2,kalobeyei_town,5.0,4,2,1.0,1.0,cold_storage__refrigerator_or_freezer;interior_lights;exterior_lights;no_additional_appliances;,-1.0,-1.0,1,1.0,1.0,0,0.0,0,1.0,better_perfomance,,not_available,0.0,not_available,0.0,2022_07_23,5,0
101,141504,2,kalobeyei_town,5.0,4,5,1.0,1.0,cold_storage__refrigerator_or_freezer;interior_lights;exterior_lights;computer_or_tv;other_electronic_device;,-1.0,-1.0,1,1.0,1.0,0,0.0,0,1.0,better_customer_satisfaction,,not_available,0.0,not_available,0.0,2022_07_23,6,0
102,141191,2,kalobeyei_town,5.0,4,4,1.0,1.0,interior_lights;exterior_lights;other_electronic_device;,-1.0,-1.0,1,1.0,1.0,0,0.0,0,0.0,not_available,,not_available,0.0,not_available,0.0,2022_07_23,4,0
103,141200,2,kalobeyei_town,5.0,4,1,1.0,3.0,cold_storage__refrigerator_or_freezer;interior_lights;exterior_lights;computer_or_tv;no_additional_appliances;,-1.0,-1.0,1,1.0,1.0,0,0.0,0,0.0,not_available,clinic_now_has_a_refrigerator_for_vaccines;clinic_stays_open_longer_hours;clinic_can_see_more_patients;wait_times_are_shorter;,well_functioning_system_,0.0,not_available,0.0,2022_07_23,6,4
104,141119,2,kalobeyei_town,5.0,4,2,1.0,1.0,cold_storage__refrigerator_or_freezer;interior_lights;exterior_lights;no_additional_appliances;,-1.0,-1.0,1,1.0,1.0,0,0.0,0,1.0,efficient_operations,,not_available,0.0,not_available,0.0,2022_07_23,5,0
105,141129,2,kalobeyei_town,4.0,4,5,1.0,1.0,interior_lights;exterior_lights;cold_storage__refrigerator_or_freezer;other_electronic_device;,-1.0,-1.0,1,1.0,1.0,0,0.0,0,1.0,able_tomeet_customer_demands,,not_available,0.0,not_available,0.0,2022_07_23,5,0
106,141616,2,kalobeyei_town,5.0,3,5,1.0,1.0,interior_lights;exterior_lights;other_electronic_device;,-1.0,-1.0,1,1.0,1.0,0,1.0,0,1.0,offer_training_to_new_people_and_deliver_good_services,,not_available,0.0,not_available,0.0,2022_07_23,4,0
107,141144,2,kalobeyei_town,5.0,4,5,1.0,1.0,cold_storage__refrigerator_or_freezer;interior_lights;exterior_lights;fan;computer_or_tv;other_electronic_device;,-1.0,-1.0,1,2.0,1.0,0,0.0,0,1.0,perfect_customer_service,,not_available,0.0,not_available,0.0,2022_07_23,7,0
108,141128,2,kalobeyei_town,5.0,4,2,1.0,1.0,cold_storage__refrigerator_or_freezer;interior_lights;exterior_lights;no_additional_appliances;,-1.0,-1.0,1,1.0,1.0,1,0.0,0,1.0,more_service,,not_available,0.0,not_available,0.0,2022_07_23,5,0
109,141135,2,kalobeyei_town,5.0,4,5,1.0,1.0,cold_storage__refrigerator_or_freezer;interior_lights;exterior_lights;fan;computer_or_tv;other_electronic_device;,-1.0,-1.0,1,1.0,1.0,1,1.0,0,1.0,more_services,,not_available,0.0,not_available,0.0,2022_07_23,7,0
110,141309,2,kalobeyei_town,5.0,4,2,1.0,1.0,cold_storage__refrigerator_or_freezer;interior_lights;exterior_lights;fan;no_additional_appliances;,-1.0,-1.0,1,1.0,1.0,0,0.0,0,1.0,better_services,,not_available,0.0,not_available,0.0,2022_07_23,6,0
111,nd2256,2,ndeda,4.0,4,2,1.0,3.0,cold_storage__refrigerator_or_freezer;interior_lights;exterior_lights;fan;computer_or_tv;other_electronic_device;,-1.0,-1.0,1,1.0,1.0,1,0.0,0,,,clinic_now_has_a_refrigerator_for_vaccines;clinic_stays_open_longer_hours;clinic_can_see_more_patients;wait_times_are_shorter;,,0.0,,,2022_08_03,7,4
112,nd2268,2,ndeda,4.0,3,2,1.0,3.0,cold_storage__refrigerator_or_freezer;interior_lights;exterior_lights;no_additional_appliances;,-1.0,-1.0,1,1.0,1.0,1,0.0,0,1.0,,,,0.0,,,2022_08_03,5,0
113,nd2285,2,ndeda,4.0,4,3,1.0,1.0,interior_lights;exterior_lights;other_electronic_device;,-1.0,-1.0,1,1.0,1.0,1,0.0,,,,,,1.0,night_and_morning_preps,1.0,2022_08_03,4,0
114,nd2375,2,ndeda,4.0,4,2,1.0,1.0,cold_storage__refrigerator_or_freezer;other_electronic_device;exterior_lights;interior_lights;,-1.0,-1.0,1,1.0,1.0,1,0.0,,,,,,,,,2022_08_03,5,0
115,nd2490,2,ndeda,5.0,4,5,1.0,3.0,cold_storage__refrigerator_or_freezer;interior_lights;exterior_lights;fan;computer_or_tv;,-1.0,-1.0,1,3.0,1.0,0,0.0,,,,clinic_now_has_a_refrigerator_for_vaccines;clinic_stays_open_longer_hours;clinic_can_see_more_patients;wait_times_are_shorter;,,,,,2022_08_03,6,4
116,nd2233,2,ndeda,5.0,4,1,1.0,1.0,interior_lights;exterior_lights;cold_storage__refrigerator_or_freezer;other_electronic_device;,-1.0,-1.0,1,1.0,1.0,0,0.0,,,,clinic_now_has_a_refrigerator_for_vaccines;clinic_stays_open_longer_hours;clinic_can_see_more_patients;wait_times_are_shorter;,,0.0,,,2022_08_03,5,4
117,nd2427,2,ndeda,4.0,4,5,2.0,1.0,fan;exterior_lights;,-1.0,-1.0,1,1.0,1.0,0,0.0,0,0.0,,,,,,,2022_08_03,3,0
118,nd2383,2,ndeda,5.0,4,2,1.0,1.0,cold_storage__refrigerator_or_freezer;interior_lights;exterior_lights;no_additional_appliances;,-1.0,-1.0,1,1.0,1.0,1,0.0,0,1.0,,,,,,,2022_08_03,5,0
119,nd2345,2,ndeda,5.0,4,2,1.0,1.0,cold_storage__refrigerator_or_freezer;interior_lights;exterior_lights;fan;no_additional_appliances;,-1.0,-1.0,1,1.0,1.0,1,0.0,0,1.0,,,,,,,2022_08_03,6,0
120,nd2355,2,ndeda,5.0,4,5,1.0,1.0,interior_lights;exterior_lights;no_additional_appliances;,-1.0,-1.0,1,2.0,1.0,0,0.0,0,,,,,,,,2022_08_03,4,0
121,nd2226,2,ndeda,5.0,4,5,1.0,1.0,interior_lights;exterior_lights;no_additional_appliances;,-1.0,-1.0,1,2.0,1.0,0,0.0,0,,,,,,,,2022_08_03,4,0
122,nd2286,2,ndeda,5.0,4,5,1.0,1.0,interior_lights;exterior_lights;fan;other_electronic_device;computer_or_tv;,-1.0,-1.0,1,1.0,1.0,1,1.0,1,,,,,,,,2022_08_03,6,0
123,nd2324,2,ndeda,5.0,4,2,1.0,1.0,cold_storage__refrigerator_or_freezer;interior_lights;exterior_lights;other_electronic_device;,-1.0,-1.0,1,2.0,1.0,1,1.0,2,1.0,,,,,,,2022_08_03,5,0
124,nd2396,2,ndeda,5.0,4,2,1.0,1.0,cold_storage__refrigerator_or_freezer;interior_lights;exterior_lights;other_electronic_device;,-1.0,-1.0,1,2.0,1.0,1,1.0,2,1.0,,,,,,,2022_08_03,5,0
125,nd2397,2,ndeda,5.0,4,2,1.0,1.0,cold_storage__refrigerator_or_freezer;interior_lights;exterior_lights;fan;cooking_appliance;computer_or_tv;no_additional_appliances;,-1.0,-1.0,1,2.0,1.0,1,0.0,0,1.0,,,,,,,2022_08_03,8,0
126,nd2295,2,ndeda,5.0,4,5,1.0,1.0,computer_or_tv;interior_lights;exterior_lights;,-1.0,-1.0,1,2.0,1.0,0,1.0,0,1.0,,,,,,,2022_08_03,4,0
127,nd2401,2,ndeda,5.0,4,2,1.0,1.0,interior_lights;exterior_lights;cold_storage__refrigerator_or_freezer;fan;no_additional_appliances;,-1.0,-1.0,1,1.0,1.0,0,0.0,0,1.0,,,,,,,2022_08_03,6,0
128,nd2329,2,ndeda,5.0,4,2,1.0,1.0,interior_lights;exterior_lights;cold_storage__refrigerator_or_freezer;fan;,-1.0,-1.0,1,1.0,1.0,1,0.0,0,1.0,,,,,,,2022_08_03,5,0
129,nd2405,2,ndeda,4.0,4,5,1.0,1.0,interior_lights;exterior_lights;no_additional_appliances;,-1.0,-1.0,1,1.0,1.0,0,0.0,0,,,,,,,,2022_08_03,4,0
130,nd2466,2,ndeda,5.0,4,5,1.0,1.0,interior_lights;exterior_lights;,-1.0,-1.0,1,1.0,1.0,0,0.0,0,1.0,,,,,,,2022_08_03,3,0
131,nd2361,2,ndeda,5.0,4,2,1.0,1.0,interior_lights;cold_storage__refrigerator_or_freezer;exterior_lights;fan;no_additional_appliances;,-1.0,-1.0,1,1.0,1.0,0,0.0,0,1.0,,,,,,,2022_08_03,6,0
132,nd0000,2,ndeda,5.0,4,5,1.0,1.0,interior_lights;exterior_lights;other_electronic_device;,-1.0,-1.0,1,1.0,1.0,1,1.0,1,1.0,,,,,,,2022_08_03,4,0
133,nd2253,2,ndeda,5.0,4,1,1.0,1.0,exterior_lights;interior_lights;,-1.0,-1.0,1,1.0,1.0,1,0.0,1,1.0,,clinic_now_has_a_refrigerator_for_vaccines;clinic_can_see_more_patients;clinic_stays_open_longer_hours;wait_times_are_shorter;,,,,,2022_08_03,3,4
134,nd0058,2,ndeda,5.0,4,5,1.0,1.0,exterior_lights;interior_lights;no_additional_appliances;,-1.0,-1.0,1,1.0,1.0,0,0.0,0,1.0,,clinic_stays_open_longer_hours;clinic_can_see_more_patients;,,,,,2022_08_03,4,2
135,nd2407,2,ndeda,5.0,4,2,1.0,1.0,interior_lights;exterior_lights;no_additional_appliances;,-1.0,-1.0,1,1.0,1.0,0,1.0,0,1.0,,,,,,,2022_08_03,4,0
136,nd2344,2,ndeda,5.0,4,2,1.0,1.0,interior_lights;exterior_lights;computer_or_tv;other_electronic_device;,-1.0,-1.0,1,1.0,1.0,0,0.0,0,1.0,,,,,,,2022_08_03,5,0
137,nd2264,2,ndeda,5.0,4,2,1.0,1.0,interior_lights;exterior_lights;,-1.0,-1.0,1,2.0,1.0,1,0.0,0,1.0,,,,,,,2022_08_03,3,0
138,nd2245,2,ndeda,5.0,4,4,1.0,1.0,other_electronic_device;interior_lights;,-1.0,-1.0,1,1.0,1.0,0,0.0,0,,,,,,,,2022_08_03,3,0
139,nd2547,2,ndeda,5.0,4,5,1.0,1.0,exterior_lights;interior_lights;computer_or_tv;no_additional_appliances;,-1.0,-1.0,1,3.0,1.0,0,0.0,0,1.0,,,,,,,2022_08_03,5,0
140,nd2446,2,ndeda,5.0,4,2,1.0,1.0,interior_lights;exterior_lights;computer_or_tv;no_additional_appliances;,-1.0,-1.0,1,1.0,1.0,0,0.0,0,1.0,,,,,,,2022_08_03,5,0
141,nd2386,2,ndeda,4.0,4,2,1.0,3.0,interior_lights;exterior_lights;cold_storage__refrigerator_or_freezer;no_additional_appliances;,-1.0,-1.0,1,1.0,1.0,0,0.0,0,1.0,,,,,,,2022_08_03,5,0
142,nd2537,2,ndeda,4.0,4,5,1.0,1.0,interior_lights;exterior_lights;fan;other_electronic_device;,-1.0,-1.0,1,1.0,1.0,1,1.0,0,1.0,,,,,,,2022_08_03,5,0
143,nd2294,2,ndeda,5.0,4,2,1.0,1.0,cold_storage__refrigerator_or_freezer;interior_lights;exterior_lights;fan;computer_or_tv;no_additional_appliances;,-1.0,-1.0,1,1.0,1.0,1,0.0,0,1.0,,,,,,,2022_08_03,7,0
144,nd2293,2,ndeda,5.0,4,2,1.0,1.0,cold_storage__refrigerator_or_freezer;interior_lights;exterior_lights;no_additional_appliances;computer_or_tv;,-1.0,-1.0,1,1.0,1.0,0,0.0,0,1.0,,,,,,,2022_08_03,6,0
145,nd2293,2,ndeda,5.0,4,2,1.0,1.0,cold_storage__refrigerator_or_freezer;interior_lights;exterior_lights;no_additional_appliances;computer_or_tv;,-1.0,-1.0,1,1.0,1.0,0,0.0,0,1.0,,,,,,,2022_08_03,6,0
146,nd2492,2,ndeda,5.0,4,2,2.0,1.0,no_additional_appliances;interior_lights;,-1.0,-1.0,0,1.0,3.0,0,0.0,1,0.0,,,,,,,2022_08_03,3,0
147,nd2336,2,ndeda,5.0,4,2,1.0,3.0,cold_storage__refrigerator_or_freezer;interior_lights;exterior_lights;fan;computer_or_tv;no_additional_appliances;,-1.0,-1.0,1,1.0,1.0,0,0.0,0,1.0,,,,,,,2022_08_03,7,0
148,nd2289,2,ndeda,5.0,4,5,1.0,1.0,fan;exterior_lights;interior_lights;computer_or_tv;other_electronic_device;,-1.0,-1.0,1,2.0,1.0,0,1.0,1,1.0,,,,,,,2022_08_03,6,0
149,161007,2,oyamo,5.0,4,5,1.0,2.0,interior_lights;exterior_lights;fan;computer_or_tv;,-1.0,-1.0,1,2.0,3.0,0,0.0,0,1.0,more_hours_of_entertainment,,,,,,2022_08_05,5,0
150,161027,2,oyamo,5.0,4,5,1.0,1.0,interior_lights;exterior_lights;no_additional_appliances;,-1.0,-1.0,1,4.0,3.0,0,0.0,0,1.0,,,,,,,2022_08_05,4,0
151,161005,2,oyamo,5.0,4,5,1.0,3.0,exterior_lights;interior_lights;no_additional_appliances;,-1.0,-1.0,1,2.0,3.0,0,0.0,0,1.0,,,,,,,2022_08_05,4,0
152,161142,2,oyamo,5.0,4,1,1.0,3.0,cold_storage__refrigerator_or_freezer;interior_lights;exterior_lights;fan;computer_or_tv;other_electronic_device;,-1.0,-1.0,1,4.0,3.0,1,1.0,2,,,clinic_now_has_a_refrigerator_for_vaccines;clinic_stays_open_longer_hours;clinic_can_see_more_patients;wait_times_are_shorter;,,,,,2022_08_05,7,4
153,161026,2,oyamo,5.0,4,5,1.0,3.0,interior_lights;exterior_lights;no_additional_appliances;,-1.0,-1.0,1,2.0,3.0,0,0.0,0,1.0,,,,,,,2022_08_05,4,0
154,161010,2,oyamo,5.0,4,5,1.0,2.0,cold_storage__refrigerator_or_freezer;exterior_lights;interior_lights;fan;computer_or_tv;,-1.0,-1.0,1,2.0,3.0,0,0.0,0,1.0,,,,,,,2022_08_05,6,0
155,161150,2,oyamo,5.0,4,4,1.0,1.0,exterior_lights;interior_lights;other_electronic_device;,-1.0,-1.0,1,1.0,3.0,1,0.0,0,,,,,,,,2022_08_05,4,0
156,161094,2,oyamo,5.0,4,4,1.0,1.0,interior_lights;exterior_lights;other_electronic_device;,-1.0,-1.0,1,1.0,3.0,0,0.0,,,,,,,,,2022_08_05,4,0
157,161086,2,oyamo,5.0,4,5,1.0,3.0,interior_lights;exterior_lights;other_electronic_device;,-1.0,-1.0,1,1.0,3.0,0,0.0,,1.0,,,,,,,2022_08_05,4,0
158,161072,2,oyamo,5.0,4,3,1.0,1.0,interior_lights;exterior_lights;,-1.0,-1.0,1,1.0,3.0,1,0.0,0,,,,,1.0,extra_study_hours,1.0,2022_08_05,3,0
159,161071,2,oyamo,5.0,4,3,1.0,1.0,interior_lights;exterior_lights;,-1.0,-1.0,1,1.0,3.0,1,0.0,0,,,,,1.0,extra_learning_rime,1.0,2022_08_05,3,0
160,rn2277,2,ringiti,4.0,4,2,1.0,1.0,cold_storage__refrigerator_or_freezer;interior_lights;computer_or_tv;other_electronic_device;,-1.0,-1.0,1,1.0,1.0,1,0.0,0,1.0,more_customer_request_met_like_cold_drinks,,,0.0,,0.0,2022_08_22,5,0
161,rn2329,2,ringiti,5.0,4,2,1.0,1.0,interior_lights;other_electronic_device;,-1.0,-1.0,1,1.0,1.0,1,0.0,0,1.0,charging,,,0.0,,0.0,2022_08_22,3,0
162,rn2242,2,ringiti,5.0,4,4,1.0,1.0,interior_lights;other_electronic_device;,-1.0,-1.0,1,1.0,1.0,1,0.0,0,,,,,0.0,,0.0,2022_08_22,3,0
163,rn2222,2,ringiti,5.0,4,5,1.0,1.0,interior_lights;fan;computer_or_tv;other_electronic_device;,-1.0,-1.0,1,2.0,1.0,1,1.0,0,1.0,cyber_products,,,0.0,,0.0,2022_08_22,5,0
164,rn2247,2,ringiti,5.0,4,2,1.0,1.0,cold_storage__refrigerator_or_freezer;interior_lights;other_electronic_device;computer_or_tv;,-1.0,-1.0,1,2.0,1.0,1,1.0,4,1.0,entertainment_and_customer_needs_met,,,0.0,,0.0,2022_08_22,5,0
165,rn2701,2,ringiti,5.0,4,2,1.0,1.0,interior_lights;computer_or_tv;other_electronic_device;,-1.0,-1.0,1,1.0,1.0,1,0.0,0,1.0,phone_charging_and_computer_services,,,0.0,,0.0,2022_08_22,4,0
166,rn2265,2,ringiti,5.0,4,2,1.0,1.0,computer_or_tv;interior_lights;exterior_lights;other_electronic_device;,-1.0,-1.0,1,1.0,1.0,1,0.0,0,1.0,more_earning,,,0.0,,0.0,2022_08_22,5,0
167,rn2835,2,ringiti,5.0,4,2,1.0,1.0,interior_lights;exterior_lights;no_additional_appliances;,-1.0,-1.0,1,1.0,1.0,0,0.0,1,1.0,more_hours_of_operation,,,0.0,,0.0,2022_08_22,4,0
168,rn2339,2,ringiti,5.0,4,2,1.0,1.0,interior_lights;exterior_lights;fan;cold_storage__refrigerator_or_freezer;no_additional_appliances;,-1.0,-1.0,1,1.0,1.0,1,0.0,2,1.0,more_products,,,0.0,,0.0,2022_08_22,6,0
169,rn2257,2,ringiti,5.0,4,5,1.0,1.0,interior_lights;exterior_lights;no_additional_appliances;,-1.0,-1.0,1,3.0,1.0,0,1.0,2,1.0,working_longer,,,0.0,,0.0,2022_08_22,4,0
170,rn2286,2,ringiti,5.0,4,5,1.0,1.0,interior_lights;exterior_lights;,-1.0,-1.0,1,4.0,1.0,0,1.0,2,1.0,available_at_all_times,,,0.0,,0.0,2022_08_22,3,0
171,rn2632,2,ringiti,5.0,4,4,1.0,1.0,interior_lights;exterior_lights;other_electronic_device;,-1.0,-1.0,1,2.0,1.0,1,0.0,0,0.0,religious_institution,,,0.0,,0.0,2022_08_22,4,0
172,rn2823,2,ringiti,5.0,4,5,1.0,1.0,interior_lights;exterior_lights;fan;computer_or_tv;other_electronic_device;,-1.0,-1.0,1,1.0,1.0,1,1.0,2,1.0,more_sales_atimes,,,0.0,,0.0,2022_08_22,6,0
173,rn2253,2,ringiti,5.0,4,2,1.0,1.0,cold_storage__refrigerator_or_freezer;interior_lights;exterior_lights;fan;computer_or_tv;other_electronic_device;,-1.0,-1.0,1,1.0,1.0,1,0.0,0,1.0,better_services,,,0.0,,0.0,2022_08_22,7,0
174,rn2803,2,ringiti,5.0,4,2,1.0,3.0,cold_storage__refrigerator_or_freezer;interior_lights;fan;no_additional_appliances;,-1.0,-1.0,1,1.0,1.0,1,1.0,1,1.0,better_perfomances,,,0.0,,0.0,2022_08_22,5,0
175,rn2328,2,ringiti,5.0,4,1,1.0,3.0,interior_lights;exterior_lights;fan;cold_storage__refrigerator_or_freezer;no_additional_appliances;,-1.0,-1.0,1,1.0,1.0,0,0.0,0,1.0,increased_patient_attendance,clinic_now_has_a_refrigerator_for_vaccines;clinic_stays_open_longer_hours;clinic_can_see_more_patients;wait_times_are_shorter;,faster_service_delivery,0.0,,0.0,2022_08_22,6,4
176,rn2285,2,ringiti,5.0,4,5,1.0,1.0,interior_lights;exterior_lights;no_additional_appliances;,-1.0,-1.0,1,4.0,1.0,0,0.0,0,1.0,ability_to_work_all_through,,,0.0,,0.0,2022_08_22,4,0
177,rn2393,2,ringiti,5.0,4,2,1.0,1.0,cold_storage__refrigerator_or_freezer;interior_lights;no_additional_appliances;,-1.0,-1.0,1,1.0,1.0,0,0.0,0,1.0,better_services,,,0.0,,0.0,2022_08_22,4,0
178,rn2325,2,ringiti,5.0,4,5,1.0,1.0,interior_lights;exterior_lights;no_additional_appliances;,-1.0,-1.0,1,4.0,1.0,0,0.0,0,1.0,operational_hours_are_prolonged,,,0.0,,0.0,2022_08_22,4,0
179,rn2266,2,ringiti,5.0,4,2,1.0,3.0,interior_lights;exterior_lights;no_additional_appliances;,-1.0,-1.0,1,2.0,1.0,0,1.0,2,1.0,more_operarional_hours,,,0.0,,0.0,2022_08_22,4,0
180,rn2214,2,ringiti,5.0,4,2,1.0,3.0,cold_storage__refrigerator_or_freezer;interior_lights;exterior_lights;fan;computer_or_tv;no_additional_appliances;,-1.0,-1.0,1,1.0,1.0,1,0.0,0,1.0,having_longer_working_hours_and_less_expences_on_power,,,0.0,nonr,0.0,2022_08_22,7,0
181,rn2269,2,ringiti,5.0,4,5,1.0,1.0,interior_lights;exterior_lights;no_additional_appliances;,-1.0,-1.0,1,1.0,1.0,0,0.0,3,1.0,ease_in_operation_at_odd_times,,,0.0,,0.0,2022_08_23,4,0
182,rn2692,2,ringiti,5.0,4,2,1.0,1.0,interior_lights;exterior_lights;cold_storage__refrigerator_or_freezer;computer_or_tv;other_electronic_device;,-1.0,-1.0,1,1.0,1.0,1,0.0,0,1.0,ive_added_new_srvices,,,0.0,,0.0,2022_08_23,6,0
183,rn2691,2,ringiti,5.0,4,2,1.0,3.0,interior_lights;exterior_lights;other_electronic_device;cold_storage__refrigerator_or_freezer;,-1.0,-1.0,1,1.0,1.0,0,0.0,0,1.0,good_service_delivery,,,0.0,,0.0,2022_08_23,5,0
184,rn2336,2,ringiti,5.0,4,2,1.0,3.0,interior_lights;exterior_lights;fan;computer_or_tv;no_additional_appliances;,-1.0,-1.0,1,1.0,1.0,0,0.0,0,1.0,prolonged_work_time,,,0.0,,0.0,2022_08_23,6,0
185,rn2378,2,ringiti,5.0,4,5,1.0,3.0,exterior_lights;interior_lights;computer_or_tv;no_additional_appliances;,-1.0,-1.0,1,4.0,1.0,0,0.0,0,0.0,not_a_business,,,0.0,,0.0,2022_08_23,5,0
186,rn2454,2,ringiti,4.0,3,5,1.0,1.0,interior_lights;exterior_lights;no_additional_appliances;,-1.0,-1.0,1,1.0,1.0,0,0.0,0,1.0,offering_operational_hours_longer,,,0.0,,0.0,2022_08_23,4,0
187,rn2296,2,ringiti,5.0,4,5,1.0,1.0,interior_lights;exterior_lights;computer_or_tv;other_electronic_device;,-1.0,-1.0,1,3.0,1.0,1,0.0,0,1.0,better_services_,,,0.0,no_e,0.0,2022_08_23,5,0
188,rn2393,2,ringiti,5.0,4,5,1.0,1.0,interior_lights;exterior_lights;computer_or_tv;other_electronic_device;,-1.0,-1.0,1,2.0,1.0,0,0.0,0,1.0,more_services,,,0.0,,0.0,2022_08_23,5,0
189,rn2273,2,ringiti,5.0,4,5,1.0,1.0,interior_lights;exterior_lights;computer_or_tv;other_electronic_device;,-1.0,-1.0,1,1.0,1.0,1,0.0,0,1.0,more_and_better_services,,,0.0,,0.0,2022_08_23,5,0
190,rn2268,2,ringiti,5.0,4,5,1.0,1.0,cold_storage__refrigerator_or_freezer;interior_lights;exterior_lights;no_additional_appliances;,-1.0,-1.0,1,1.0,1.0,1,0.0,0,1.0,more_business_perfomance,,,0.0,,0.0,2022_08_23,5,0
191,rn2394,2,ringiti,5.0,4,5,1.0,3.0,cold_storage__refrigerator_or_freezer;interior_lights;exterior_lights;fan;computer_or_tv;no_additional_appliances;,-1.0,-1.0,1,1.0,1.0,1,0.0,0,1.0,more_services_provided_to_customers,,,0.0,,0.0,2022_08_23,7,0
192,rn2265,2,ringiti,5.0,4,5,1.0,1.0,cold_storage__refrigerator_or_freezer;exterior_lights;interior_lights;computer_or_tv;no_additional_appliances;,-1.0,-1.0,1,1.0,1.0,0,0.0,0,1.0,more_working_hours,,,0.0,,0.0,2022_08_23,6,0
193,rn2386,2,ringiti,5.0,4,2,1.0,3.0,interior_lights;exterior_lights;computer_or_tv;fan;cold_storage__refrigerator_or_freezer;no_additional_appliances;,-1.0,-1.0,1,1.0,1.0,1,0.0,0,1.0,less_expences_on_power_and_longer_hours_of_operation,,,0.0,,0.0,2022_08_24,7,0
194,rn2238,2,ringiti,5.0,4,5,1.0,1.0,interior_lights;computer_or_tv;fan;cold_storage__refrigerator_or_freezer;no_additional_appliances;,-1.0,-1.0,1,1.0,1.0,0,0.0,1,1.0,more_customer_needs_like_charging,,,0.0,,0.0,2022_08_24,6,0
195,rn2265,2,ringiti,4.0,3,2,1.0,1.0,interior_lights;fan;other_electronic_device;computer_or_tv;,-1.0,-1.0,1,1.0,1.0,1,0.0,0,1.0,computer_services_and_phone_n_battery_charging_,,,0.0,,0.0,2022_08_24,5,0
196,rn2374,2,ringiti,5.0,4,5,1.0,1.0,cold_storage__refrigerator_or_freezer;exterior_lights;interior_lights;no_additional_appliances;,-1.0,-1.0,1,1.0,2.0,0,0.0,0,1.0,provision_of_refreshments,,,0.0,,0.0,2022_08_24,5,0
197,rn2262,2,ringiti,5.0,4,5,1.0,1.0,cold_storage__refrigerator_or_freezer;interior_lights;no_additional_appliances;,-1.0,-1.0,1,1.0,1.0,0,0.0,0,1.0,better_service_provision,,,0.0,,0.0,2022_08_24,4,0
198,rn2424,2,ringiti,5.0,4,2,1.0,1.0,cold_storage__refrigerator_or_freezer;interior_lights;exterior_lights;computer_or_tv;no_additional_appliances;,-1.0,-1.0,1,1.0,1.0,1,0.0,0,1.0,drinks_and_phone_charging_services,,,0.0,,0.0,2022_08_24,6,0
199,rn2428,2,ringiti,5.0,4,4,1.0,3.0,interior_lights;no_additional_appliances;,-1.0,-1.0,1,1.0,1.0,0,0.0,0,0.0,religious_institution,,,0.0,,0.0,2022_08_24,3,0
200,rn2276,2,ringiti,5.0,4,5,1.0,1.0,cold_storage__refrigerator_or_freezer;interior_lights;exterior_lights;fan;computer_or_tv;other_electronic_device;,-1.0,-1.0,1,1.0,1.0,1,1.0,2,1.0,entertainment_and_refreshments,,,0.0,,0.0,2022_08_24,7,0
201,151200,2,ngurunit,5.0,4,4,1.0,3.0,interior_lights;other_electronic_device;,0.0,0.0,0,1.0,3.0,1,0.0,,,,,,,,,2022_08_25,3,0
202,151289,2,ngurunit,1.0,1,3,1.0,3.0,no_additional_appliances;,0.0,0.0,0,4.0,3.0,0,0.0,,,,,,0.0,they_will_perform_well_and_post_good_results_,0.0,2022_08_26,2,0
203,151140,1,ngurunit,5.0,4,2,1.0,1.0,computer_or_tv;,-1.0,-1.0,1,2.0,3.0,1,1.0,1,1.0,lighting,clinic_now_has_a_refrigerator_for_vaccines;,yes,1.0,no,1.0,2022_08_26,2,1
204,151125,2,ngurunit,5.0,4,2,1.0,1.0,interior_lights;computer_or_tv;,1.0,1.0,1,1.0,3.0,0,0.0,,1.0,selling_at_late_night,,,,,,2022_08_28,3,0
205,151115,2,ngurunit,5.0,4,2,1.0,3.0,cold_storage__refrigerator_or_freezer;exterior_lights;computer_or_tv;no_additional_appliances;,0.0,0.0,0,1.0,3.0,0,1.0,1,1.0,refrigeration_services_,,,,,,2022_08_29,5,0
206,151118,2,ngurunit,4.0,3,2,1.0,1.0,exterior_lights;interior_lights;,0.0,1.0,0,1.0,3.0,0,0.0,,1.0,cold_drinks_,,,,,,2022_08_29,3,0
207,151220,2,ngurunit,5.0,4,2,1.0,3.0,cold_storage__refrigerator_or_freezer;interior_lights;,0.0,1.0,0,1.0,3.0,0,0.0,,1.0,cold_drinks__and_other_perishable_goods_,,,,,0.0,2022_08_29,3,0
208,151135,2,ngurunit,5.0,2,2,1.0,1.0,exterior_lights;interior_lights;,-1.0,-1.0,1,2.0,3.0,1,1.0,1,1.0,cold_drinks,clinic_now_has_a_refrigerator_for_vaccines;clinic_stays_open_longer_hours;,good_vacation,1.0,good_results_for_students,1.0,2022_08_29,3,2
209,151150,2,ngurunit,5.0,3,5,1.0,1.0,cold_storage__refrigerator_or_freezer;computer_or_tv;exterior_lights;interior_lights;,-1.0,-1.0,1,3.0,1.0,1,1.0,3,1.0,i_can_over_well_sleeping_rooms,clinic_now_has_a_refrigerator_for_vaccines;,good_madicene,1.0,night_studies,1.0,2022_08_29,5,1
210,151192,2,ngurunit,5.0,4,3,1.0,3.0,interior_lights;exterior_lights;,-1.0,-1.0,1,2.0,3.0,0,1.0,3,1.0,night_studies_,clinic_now_has_a_refrigerator_for_vaccines;,good_medical,1.0,night_studies,1.0,2022_08_29,3,1
211,151127,2,ngurunit,4.0,3,2,1.0,1.0,interior_lights;exterior_lights;,-1.0,-1.0,1,1.0,3.0,0,0.0,,1.0,good_product,clinic_now_has_a_refrigerator_for_vaccines;,good_medical,1.0,night_studies,1.0,2022_08_30,3,1
212,151193,2,ngurunit,5.0,4,1,1.0,1.0,interior_lights;exterior_lights;cold_storage__refrigerator_or_freezer;,0.0,1.0,1,4.0,3.0,0,1.0,6,,,clinic_now_has_a_refrigerator_for_vaccines;clinic_stays_open_longer_hours;clinic_can_see_more_patients;,refrigeration_and_lighting_,,,,2022_08_30,4,3
213,151135,2,ngurunit,5.0,4,2,1.0,1.0,interior_lights;,0.0,1.0,0,1.0,3.0,0,0.0,,0.0,none_,,,,,,2022_08_30,2,0
214,151190,2,ngurunit,5.0,4,2,1.0,1.0,interior_lights;,0.0,1.0,0,1.0,3.0,0,-1.0,,0.0,none_,,,,,,2022_08_30,2,0
215,151177,2,ngurunit,5.0,4,3,1.0,3.0,interior_lights;exterior_lights;,0.0,1.0,1,2.0,3.0,0,1.0,1,,,,,1.0,printing_services_and_evening_preps_,1.0,2022_08_30,3,0
216,151250,2,ngurunit,5.0,4,3,1.0,1.0,exterior_lights;interior_lights;,0.0,0.0,1,2.0,3.0,1,1.0,1,,,,,1.0,night_preps_and_exam_typing_and_printing_,1.0,2022_08_30,3,0
217,210110,2,loemkwi,1.0,2,1,1.0,3.0,cold_storage__refrigerator_or_freezer;interior_lights;exterior_lights;fan;computer_or_tv;,-1.0,-1.0,1,4.0,3.0,1,1.0,2,1.0,better_health_care_and_more_service_delivery,clinic_now_has_a_refrigerator_for_vaccines;clinic_stays_open_longer_hours;clinic_can_see_more_patients;wait_times_are_shorter;,faster_medical_care,0.0,,0.0,2022_12_16,6,4
218,210104,2,loemkwi,1.0,3,5,1.0,1.0,cold_storage__refrigerator_or_freezer;interior_lights;exterior_lights;no_additional_appliances;,-1.0,-1.0,1,1.0,3.0,1,0.0,0,1.0,more_customer_care_services,,,0.0,,0.0,2022_12_16,5,0
219,210160,2,loemkwi,1.0,4,5,1.0,1.0,interior_lights;exterior_lights;computer_or_tv;no_additional_appliances;,-1.0,-1.0,1,1.0,3.0,1,0.0,0,1.0,entertainment,,,0.0,,,2022_12_16,5,0
220,210118,2,loemkwi,1.0,4,4,1.0,1.0,interior_lights;exterior_lights;fan;computer_or_tv;other_electronic_device;,-1.0,-1.0,1,1.0,3.0,1,0.0,0,,,,,,,,2022_12_16,6,0
221,210123,2,loemkwi,1.0,3,4,1.0,1.0,interior_lights;exterior_lights;other_electronic_device;,-1.0,-1.0,1,1.0,3.0,1,0.0,0,,,,,,,,2022_12_16,4,0
222,210119,2,loemkwi,4.0,3,2,1.0,1.0,interior_lights;cold_storage__refrigerator_or_freezer;exterior_lights;no_additional_appliances;,-1.0,-1.0,1,1.0,3.0,1,0.0,0,1.0,charging_and_availed_customer_request,,,,,,2022_12_16,5,0
223,210124,2,loemkwi,1.0,3,2,1.0,1.0,interior_lights;exterior_lights;no_additional_appliances;,-1.0,-1.0,1,1.0,3.0,0,0.0,0,1.0,more_service_hours,,,,,,2022_12_16,4,0
224,210114,2,loemkwi,1.0,3,5,2.0,1.0,interior_lights;exterior_lights;fan;other_electronic_device;,-1.0,-1.0,0,1.0,3.0,0,0.0,0,-1.0,closed_down,,,,,,2022_12_16,5,0
225,210130,2,loemkwi,4.0,3,5,1.0,1.0,cold_storage__refrigerator_or_freezer;interior_lights;exterior_lights;computer_or_tv;,-1.0,-1.0,1,1.0,3.0,1,1.0,1,1.0,more_hours_work_and_enjoyment_after_work,,,,,,2022_12_16,5,0
226,210135,2,loemkwi,1.0,3,5,1.0,1.0,interior_lights;exterior_lights;computer_or_tv;no_additional_appliances;,-1.0,-1.0,1,1.0,3.0,1,1.0,2,1.0,entertainment_and_more_service,,,,,,2022_12_16,5,0
227,210112,2,loemkwi,1.0,3,2,1.0,1.0,interior_lights;exterior_lights;cold_storage__refrigerator_or_freezer;no_additional_appliances;,-1.0,-1.0,1,1.0,3.0,1,0.0,0,1.0,refreshments,,,,,,2022_12_16,5,0
228,210101,2,loemkwi,1.0,3,2,1.0,1.0,interior_lights;exterior_lights;cold_storage__refrigerator_or_freezer;no_additional_appliances;,-1.0,-1.0,1,1.0,3.0,1,0.0,0,1.0,availed_refreshments_n_more_work_hours,,,,,,2022_12_16,5,0
229,210122,2,loemkwi,1.0,3,3,1.0,3.0,exterior_lights;interior_lights;no_additional_appliances;,-1.0,-1.0,1,1.0,3.0,1,0.0,0,,,,,1.0,extra_classes,1.0,2022_12_16,4,0
230,210125,2,loemkwi,1.0,3,2,2.0,1.0,exterior_lights;interior_lights;cold_storage__refrigerator_or_freezer;no_additional_appliances;,-1.0,-1.0,1,1.0,3.0,1,0.0,0,1.0,phone_charging_,,,,,,2022_12_16,5,0
231,210153,2,loemkwi,1.0,3,2,1.0,3.0,interior_lights;exterior_lights;,-1.0,-1.0,1,1.0,3.0,0,0.0,0,1.0,better_security_and_prolonged_work_hours,,,,,,2022_12_16,3,0
232,210107,2,loemkwi,1.0,3,2,1.0,1.0,interior_lights;exterior_lights;other_electronic_device;computer_or_tv;,-1.0,-1.0,1,1.0,3.0,0,0.0,0,1.0,more_service_delivery_time,,,,,,2022_12_16,5,0
233,210105,2,loemkwi,1.0,3,2,1.0,3.0,cold_storage__refrigerator_or_freezer;exterior_lights;interior_lights;no_additional_appliances;,-1.0,-1.0,1,1.0,3.0,1,1.0,2,1.0,offering_variety_of_service_,,,,,,2022_12_16,5,0
234,210102,2,loemkwi,1.0,3,2,1.0,1.0,interior_lights;exterior_lights;cold_storage__refrigerator_or_freezer;no_additional_appliances;,-1.0,-1.0,1,1.0,3.0,1,0.0,0,1.0,more_services,,,,,,2022_12_16,5,0
235,210139,2,loemkwi,1.0,3,2,1.0,1.0,cold_storage__refrigerator_or_freezer;interior_lights;exterior_lights;fan;no_additional_appliances;,-1.0,-1.0,1,1.0,3.0,0,0.0,0,1.0,better_service_delivery,,,,,,2022_12_16,6,0
236,200103,2,katiko,1.0,3,2,1.0,1.0,cold_storage__refrigerator_or_freezer;interior_lights;no_additional_appliances;,-1.0,-1.0,1,1.0,3.0,1,0.0,0,1.0,phone_charging_cold_storage_for_drinks,,,,,,2022_12_16,4,0
237,200154,2,katiko,1.0,3,2,1.0,1.0,cold_storage__refrigerator_or_freezer;interior_lights;no_additional_appliances;,-1.0,-1.0,1,1.0,3.0,1,0.0,0,1.0,fish_preservation_and_phone_charging_,,,,,,2022_12_17,4,0
238,200153,2,katiko,1.0,3,2,1.0,1.0,cold_storage__refrigerator_or_freezer;interior_lights;exterior_lights;no_additional_appliances;computer_or_tv;,-1.0,-1.0,1,1.0,3.0,1,0.0,0,1.0,phone_charging_and_cold_drinks,,,,,,2022_12_17,6,0
239,200104,2,katiko,1.0,3,2,1.0,1.0,interior_lights;other_electronic_device;,-1.0,-1.0,1,1.0,3.0,1,0.0,0,1.0,phone_charging_services,,,,,,2022_12_17,3,0
240,200105,2,katiko,1.0,3,2,1.0,1.0,cold_storage__refrigerator_or_freezer;interior_lights;no_additional_appliances;,-1.0,-1.0,1,1.0,3.0,0,0.0,0,1.0,not_much,,,,,,2022_12_17,4,0
241,201139,2,katiko,1.0,3,2,1.0,1.0,interior_lights;exterior_lights;cold_storage__refrigerator_or_freezer;no_additional_appliances;,-1.0,-1.0,1,1.0,3.0,1,0.0,0,1.0,meeting_extra_customer_wants,,,,,,2022_12_17,5,0
242,201143,2,katiko,1.0,3,2,1.0,1.0,cold_storage__refrigerator_or_freezer;interior_lights;exterior_lights;computer_or_tv;no_additional_appliances;,-1.0,-1.0,1,1.0,3.0,1,0.0,0,1.0,more_services_and_better_sales,,,,,,2022_12_17,6,0
243,201137,2,katiko,1.0,3,2,1.0,1.0,interior_lights;no_additional_appliances;,-1.0,-1.0,1,1.0,3.0,0,0.0,0,1.0,nothing_much_,,,,,,2022_12_17,3,0
244,200155,2,katiko,1.0,3,2,1.0,1.0,interior_lights;no_additional_appliances;,-1.0,-1.0,1,1.0,3.0,0,0.0,0,1.0,more_sales,,,,,,2022_12_17,3,0
245,200114,2,katiko,1.0,3,2,1.0,1.0,cold_storage__refrigerator_or_freezer;interior_lights;no_additional_appliances;,-1.0,-1.0,1,1.0,3.0,1,0.0,0,1.0,cold_drinks_and_milk_preservation,,,,,,2022_12_17,4,0
246,201166,2,katiko,1.0,3,2,1.0,1.0,interior_lights;exterior_lights;no_additional_appliances;,-1.0,-1.0,1,1.0,3.0,1,0.0,0,1.0,more_work_and_service,,,,,,2022_12_17,4,0
247,200118,2,katiko,1.0,3,2,1.0,1.0,interior_lights;cold_storage__refrigerator_or_freezer;fan;computer_or_tv;no_additional_appliances;,-1.0,-1.0,1,1.0,3.0,1,0.0,0,1.0,able_to_preserve_and_offer_cold_services,,,,,,2022_12_17,6,0
248,200108,2,katiko,1.0,3,2,1.0,1.0,cold_storage__refrigerator_or_freezer;interior_lights;exterior_lights;computer_or_tv;no_additional_appliances;,-1.0,-1.0,1,1.0,3.0,1,0.0,0,1.0,charging_and_cold_storage_,,,,,,2022_12_17,6,0
249,200116,2,katiko,1.0,3,2,1.0,1.0,interior_lights;exterior_lights;cold_storage__refrigerator_or_freezer;no_additional_appliances;computer_or_tv;fan;,-1.0,-1.0,1,2.0,3.0,1,0.0,0,1.0,phone_charging_cold_storage_,,,,,,2022_12_17,7,0
250,200144,2,katiko,1.0,3,3,1.0,1.0,interior_lights;exterior_lights;no_additional_appliances;,-1.0,-1.0,1,1.0,3.0,1,0.0,0,,,,,1.0,extra_classes,1.0,2022_12_17,4,0
251,200146,2,katiko,1.0,3,3,1.0,1.0,interior_lights;exterior_lights;,-1.0,-1.0,1,1.0,3.0,1,0.0,0,,,,,1.0,early_morning_classes,1.0,2022_12_17,3,0
252,200141,2,katiko,1.0,3,3,1.0,1.0,interior_lights;exterior_lights;,-1.0,-1.0,1,1.0,3.0,1,0.0,0,,,,,1.0,evening_and_morning_extra_classes,1.0,2022_12_17,3,0
253,200145,2,katiko,1.0,3,3,1.0,1.0,interior_lights;exterior_lights;no_additional_appliances;,-1.0,-1.0,1,1.0,3.0,1,0.0,0,,,,,1.0,offering_tution_at_late_hours,1.0,2022_12_17,4,0
254,200143,2,katiko,1.0,3,3,1.0,1.0,interior_lights;exterior_lights;,-1.0,-1.0,1,1.0,3.0,1,0.0,0,,,,,1.0,early_morning_and_lete_evening_lessons,1.0,2022_12_17,3,0
255,200140,2,katiko,1.0,3,3,1.0,1.0,interior_lights;,1.0,1.0,1,2.0,1.0,1,1.0,,1.0,for_study,,,1.0,solar,1.0,2022_12_17,2,0
256,200140,2,katiko,1.0,3,3,1.0,1.0,interior_lights;exterior_lights;computer_or_tv;other_electronic_device;,-1.0,-1.0,1,1.0,3.0,1,0.0,0,,,,,1.0,an_automated_record_keeping_,1.0,2022_12_17,5,0
257,201161,2,katiko,1.0,3,4,1.0,1.0,interior_lights;exterior_lights;other_electronic_device;,-1.0,-1.0,1,1.0,3.0,1,0.0,0,,,,,,,,2022_12_17,4,0
258,201122,2,katiko,1.0,3,4,1.0,1.0,interior_lights;exterior_lights;fan;other_electronic_device;,-1.0,-1.0,1,1.0,3.0,1,0.0,0,,,,,,,,2022_12_17,5,0
259,201123,2,katiko,1.0,3,4,1.0,1.0,interior_lights;exterior_lights;fan;computer_or_tv;other_electronic_device;,-1.0,-1.0,1,1.0,3.0,1,0.0,0,,,,,,,,2022_12_17,6,0
260,200151,2,katiko,1.0,3,5,1.0,1.0,computer_or_tv;interior_lights;exterior_lights;no_additional_appliances;cold_storage__refrigerator_or_freezer;,-1.0,-1.0,1,3.0,3.0,1,0.0,0,1.0,fish_preservation,,,,,,2022_12_17,6,0
261,200152,2,katiko,1.0,3,5,1.0,1.0,interior_lights;exterior_lights;computer_or_tv;fan;,-1.0,-1.0,1,3.0,3.0,1,0.0,0,1.0,fish_presevation,,,,,,2022_12_17,5,0
262,201124,2,katiko,1.0,3,2,1.0,1.0,interior_lights;exterior_lights;other_electronic_device;,-1.0,-1.0,1,1.0,3.0,1,0.0,0,1.0,phone_charging_,,,,,,2022_12_17,4,0
263,200139,2,katiko,1.0,3,1,1.0,1.0,cold_storage__refrigerator_or_freezer;interior_lights;exterior_lights;other_electronic_device;,-1.0,-1.0,0,3.0,3.0,1,0.0,0,,,clinic_now_has_a_refrigerator_for_vaccines;clinic_stays_open_longer_hours;clinic_can_see_more_patients;wait_times_are_shorter;,more_patient_attendance_,,,,2022_12_17,5,4
264,200148,2,katiko,1.0,3,3,1.0,1.0,interior_lights;exterior_lights;computer_or_tv;other_electronic_device;,-1.0,-1.0,1,1.0,3.0,1,0.0,0,,,,,1.0,evening_lessons_for_some_pupils,1.0,2022_12_17,5,0
265,200109,2,katiko,1.0,3,2,1.0,1.0,cold_storage__refrigerator_or_freezer;interior_lights;exterior_lights;no_additional_appliances;,-1.0,-1.0,1,1.0,3.0,1,0.0,0,1.0,better_services_like_cold_drinks,,,,,,2022_12_17,5,0
266,200129,2,katiko,1.0,3,2,1.0,1.0,interior_lights;exterior_lights;other_electronic_device;,-1.0,-1.0,1,1.0,3.0,0,0.0,0,1.0,charging_cold_drinks,,,,,,2022_12_17,4,0
267,200154,2,katiko,1.0,3,2,1.0,1.0,interior_lights;exterior_lights;other_electronic_device;,-1.0,-1.0,1,1.0,3.0,1,0.0,0,1.0,charging_services,,,,,,2022_12_17,4,0
268,201145,2,katiko,1.0,3,2,1.0,1.0,interior_lights;exterior_lights;other_electronic_device;,-1.0,-1.0,1,1.0,3.0,1,0.0,0,1.0,offering_charging_services,,,,,,2022_12_17,4,0
269,201137,2,katiko,1.0,3,2,1.0,1.0,interior_lights;exterior_lights;other_electronic_device;,-1.0,-1.0,1,1.0,3.0,1,0.0,0,1.0,phone_chargin,,,,,,2022_12_17,4,0
270,200122,2,katiko,1.0,3,2,1.0,1.0,interior_lights;exterior_lights;,-1.0,-1.0,1,1.0,3.0,1,0.0,0,1.0,phone_charging,,,,,,2022_12_17,3,0
271,201178,2,katiko,1.0,3,2,1.0,1.0,interior_lights;exterior_lights;,-1.0,-1.0,1,1.0,3.0,1,0.0,0,1.0,charging_services,,,,,,2022_12_17,3,0
272,200117,2,katiko,1.0,3,2,1.0,1.0,cold_storage__refrigerator_or_freezer;interior_lights;exterior_lights;computer_or_tv;other_electronic_device;fan;,-1.0,-1.0,1,1.0,3.0,1,0.0,0,1.0,offering_cold_drinks_and_charging_,,,,,,2022_12_17,7,0
273,200135,2,katiko,1.0,3,2,1.0,1.0,cold_storage__refrigerator_or_freezer;interior_lights;exterior_lights;computer_or_tv;,-1.0,-1.0,1,1.0,3.0,1,1.0,2,1.0,hotel_service,,,,,,2022_12_17,5,0
274,200120,2,katiko,1.0,3,2,1.0,1.0,cold_storage__refrigerator_or_freezer;interior_lights;exterior_lights;computer_or_tv;other_electronic_device;,-1.0,-1.0,1,1.0,3.0,1,0.0,0,1.0,cahrging_and_offering_refreshments,,,,,,2022_12_17,6,0
275,200127,2,katiko,1.0,3,2,1.0,1.0,interior_lights;exterior_lights;cold_storage__refrigerator_or_freezer;fan;computer_or_tv;,-1.0,-1.0,1,1.0,3.0,1,0.0,0,1.0,cold_drinks_offered_and_entertainment,,,,,,2022_12_17,6,0
276,200109,2,katiko,1.0,3,2,1.0,1.0,interior_lights;exterior_lights;other_electronic_device;,-1.0,-1.0,1,2.0,3.0,1,0.0,0,1.0,better_service_and_phone_charging,,,,,,2022_12_17,4,0
277,232169,2,lorengelup,1.0,2,2,1.0,1.0,interior_lights;exterior_lights;no_additional_appliances;,-1.0,-1.0,1,1.0,1.0,0,0.0,0,1.0,phone_charging_,,,,,,2022_12_19,4,0
278,232102,2,lorengelup,1.0,2,2,1.0,1.0,interior_lights;cold_storage__refrigerator_or_freezer;exterior_lights;computer_or_tv;no_additional_appliances;,-1.0,-1.0,1,1.0,1.0,1,0.0,0,1.0,better_services_like_offering_cold_refreshments_and_charging,,,,,,2022_12_19,6,0
279,232140,2,lorengelup,1.0,2,3,1.0,3.0,interior_lights;exterior_lights;no_additional_appliances;,-1.0,-1.0,1,1.0,1.0,1,0.0,0,,,,,1.0,part_time_classes,1.0,2022_12_19,4,0
280,232110,2,lorengelup,1.0,2,1,1.0,3.0,cold_storage__refrigerator_or_freezer;interior_lights;exterior_lights;fan;computer_or_tv;other_electronic_device;,-1.0,-1.0,1,3.0,1.0,1,0.0,0,,,clinic_now_has_a_refrigerator_for_vaccines;clinic_stays_open_longer_hours;clinic_can_see_more_patients;wait_times_are_shorter;,faster_and_more_patient_attendance_vaccines_provided_in_plenty,,,,2022_12_19,7,4
281,232109,2,lorengelup,1.0,2,2,1.0,1.0,interior_lights;exterior_lights;other_electronic_device;,-1.0,-1.0,1,1.0,1.0,1,0.0,0,1.0,phone_charging_,,,,,,2022_12_19,4,0
282,232104,2,lorengelup,1.0,2,2,1.0,1.0,interior_lights;exterior_lights;,-1.0,-1.0,1,1.0,1.0,0,0.0,0,1.0,more_service,,,,,,2022_12_19,3,0
283,232107,2,lorengelup,1.0,2,2,1.0,1.0,interior_lights;exterior_lights;cold_storage__refrigerator_or_freezer;other_electronic_device;,-1.0,-1.0,1,1.0,1.0,1,0.0,0,1.0,charging_and_cold_drinks_offered,,,,,,2022_12_19,5,0
284,242105,2,lorengelup,1.0,2,2,1.0,1.0,interior_lights;exterior_lights;other_electronic_device;fan;,-1.0,-1.0,1,1.0,1.0,1,0.0,0,1.0,able_to_offer_charging_services,,,,,,2022_12_19,5,0
285,232103,2,lorengelup,1.0,2,2,1.0,1.0,interior_lights;exterior_lights;no_additional_appliances;,-1.0,-1.0,1,1.0,1.0,0,0.0,0,1.0,better_stock_for_customers_choice,,,,,,2022_12_19,4,0
286,232118,2,lorengelup,1.0,2,2,1.0,1.0,cold_storage__refrigerator_or_freezer;interior_lights;exterior_lights;other_electronic_device;,-1.0,-1.0,1,1.0,1.0,1,1.0,1,1.0,cold_drinks_hair_dressin_and_barber_care,,,,,,2022_12_19,5,0
287,232115,2,lorengelup,1.0,3,2,1.0,1.0,interior_lights;exterior_lights;other_electronic_device;,-1.0,-1.0,1,1.0,1.0,1,0.0,0,1.0,charging_services,,,,,,2022_12_19,4,0
288,224595,2,locheremoit,1.0,2,2,1.0,1.0,interior_lights;no_additional_appliances;,-1.0,-1.0,1,1.0,1.0,0,0.0,0,1.0,more_work_time_,,,,,,2022_12_20,3,0
289,224592,2,locheremoit,1.0,2,5,1.0,1.0,interior_lights;exterior_lights;fan;computer_or_tv;other_electronic_device;,-1.0,-1.0,1,2.0,1.0,1,0.0,0,1.0,hair_care_services_and_phone_charging,,,,,,2022_12_20,6,0
290,224587,2,locheremoit,1.0,2,2,1.0,1.0,cold_storage__refrigerator_or_freezer;interior_lights;exterior_lights;no_additional_appliances;,-1.0,-1.0,1,1.0,1.0,1,0.0,0,1.0,butchery_,,,,,,2022_12_20,5,0
291,224631,2,locheremoit,1.0,2,2,1.0,1.0,cold_storage__refrigerator_or_freezer;interior_lights;exterior_lights;no_additional_appliances;,-1.0,-1.0,1,1.0,1.0,1,1.0,1,1.0,offering_cold_drinks_cahrging,,,,,,2022_12_20,5,0
292,224681,2,locheremoit,1.0,2,5,1.0,1.0,interior_lights;exterior_lights;no_additional_appliances;,-1.0,-1.0,1,1.0,1.0,0,0.0,0,1.0,offering_hotel_services,,,,,,2022_12_20,4,0
293,224766,2,locheremoit,1.0,2,2,1.0,1.0,interior_lights;other_electronic_device;exterior_lights;,-1.0,-1.0,1,1.0,1.0,1,0.0,0,1.0,phone_charging_,,,,,,2022_12_20,4,0
294,224761,2,locheremoit,1.0,2,5,1.0,1.0,interior_lights;cold_storage__refrigerator_or_freezer;exterior_lights;no_additional_appliances;,-1.0,-1.0,1,1.0,1.0,1,0.0,0,1.0,cold_drinks,,,,,,2022_12_20,5,0
295,224570,2,locheremoit,1.0,2,2,1.0,1.0,interior_lights;exterior_lights;no_additional_appliances;,-1.0,-1.0,1,1.0,1.0,1,0.0,0,1.0,charging_services,,,,,,2022_12_20,4,0
296,224577,2,locheremoit,1.0,2,2,1.0,1.0,interior_lights;exterior_lights;no_additional_appliances;,-1.0,-1.0,1,1.0,1.0,1,0.0,0,1.0,added_phone_charging_services_,,,,,,2022_12_20,4,0
297,224866,2,locheremoit,1.0,2,5,1.0,1.0,cold_storage__refrigerator_or_freezer;interior_lights;exterior_lights;fan;computer_or_tv;other_electronic_device;,-1.0,-1.0,1,2.0,1.0,1,1.0,2,1.0,entertainment,,,,,,2022_12_20,7,0
298,224663,2,locheremoit,1.0,2,5,1.0,1.0,cold_storage__refrigerator_or_freezer;interior_lights;exterior_lights;fan;computer_or_tv;other_electronic_device;,-1.0,-1.0,1,3.0,1.0,1,1.0,2,1.0,room_services_hotel_and_entertainment,,,,,,2022_12_20,7,0
299,224633,2,locheremoit,1.0,2,2,1.0,1.0,cold_storage__refrigerator_or_freezer;interior_lights;exterior_lights;other_electronic_device;,-1.0,-1.0,1,1.0,1.0,1,0.0,0,1.0,charging_preservation_of_perishable_goods,,,,,,2022_12_20,5,0
300,224797,2,lorengelup,1.0,2,2,1.0,1.0,interior_lights;exterior_lights;cold_storage__refrigerator_or_freezer;other_electronic_device;,-1.0,-1.0,1,1.0,1.0,1,0.0,0,1.0,offering_drinks_as_per_customer_wants_and_charging_,,,,,,2022_12_20,5,0
301,224572,2,locheremoit,1.0,2,5,1.0,1.0,interior_lights;exterior_lights;fan;computer_or_tv;no_additional_appliances;,-1.0,-1.0,1,2.0,1.0,1,0.0,0,1.0,entertainment_services,,,,,,2022_12_20,6,0
302,224572,2,locheremoit,1.0,2,2,1.0,1.0,cold_storage__refrigerator_or_freezer;interior_lights;exterior_lights;no_additional_appliances;,-1.0,-1.0,1,1.0,1.0,1,0.0,0,1.0,cold_storage_f,,,,,,2022_12_20,5,0
303,224606,2,locheremoit,1.0,2,5,1.0,1.0,interior_lights;exterior_lights;other_electronic_device;fan;,-1.0,-1.0,1,1.0,1.0,0,1.0,2,1.0,barber_services_and_salon_alongside_phone_charging_,,,,,,2022_12_20,5,0
304,224732,2,locheremoit,1.0,2,4,1.0,1.0,interior_lights;exterior_lights;fan;computer_or_tv;other_electronic_device;,-1.0,-1.0,1,1.0,1.0,1,0.0,0,0.0,,,,,,,2022_12_21,6,0
305,224702,2,locheremoit,3.0,2,2,1.0,1.0,interior_lights;exterior_lights;other_electronic_device;,-1.0,-1.0,1,1.0,1.0,1,0.0,0,1.0,offering_charging,,,,,,2022_12_21,4,0
306,224629,2,locheremoit,1.0,2,5,1.0,3.0,cold_storage__refrigerator_or_freezer;interior_lights;exterior_lights;fan;no_additional_appliances;,-1.0,-1.0,1,2.0,1.0,0,0.0,0,,,clinic_now_has_a_refrigerator_for_vaccines;wait_times_are_shorter;,faster_patient_attendance,,,,2022_12_21,6,2
307,224658,2,locheremoit,1.0,2,4,1.0,1.0,interior_lights;exterior_lights;other_electronic_device;,-1.0,-1.0,1,1.0,1.0,1,0.0,0,,,,,,,,2022_12_21,4,0
308,224598,2,locheremoit,1.0,2,1,1.0,3.0,interior_lights;cold_storage__refrigerator_or_freezer;exterior_lights;no_additional_appliances;,-1.0,-1.0,1,1.0,1.0,0,0.0,0,,,clinic_now_has_a_refrigerator_for_vaccines;wait_times_are_shorter;clinic_can_see_more_patients;,faster_patient_attendance,,,,2022_12_21,5,3
309,224805,2,locheremoit,1.0,2,5,1.0,1.0,cold_storage__refrigerator_or_freezer;interior_lights;exterior_lights;other_electronic_device;,-1.0,-1.0,1,2.0,1.0,1,0.0,0,1.0,entertainment_and_wines_and_spirits,,,,,,2022_12_21,5,0
310,224567,2,locheremoit,1.0,2,2,1.0,1.0,interior_lights;exterior_lights;other_electronic_device;,-1.0,-1.0,1,1.0,1.0,0,0.0,0,1.0,phone_charging_,,,,,,2022_12_21,4,0
311,224841,2,locheremoit,1.0,2,2,1.0,1.0,interior_lights;exterior_lights;other_electronic_device;,-1.0,-1.0,1,1.0,1.0,0,0.0,0,1.0,wholesale_shop,,,,,,2022_12_21,4,0
312,224643,2,locheremoit,1.0,2,2,1.0,1.0,interior_lights;exterior_lights;no_additional_appliances;,-1.0,-1.0,1,1.0,1.0,0,0.0,0,1.0,sell_of_grains,,,,,,2022_12_21,4,0
313,224613,2,locheremoit,1.0,2,2,1.0,3.0,interior_lights;exterior_lights;,-1.0,-1.0,1,1.0,1.0,0,0.0,0,1.0,all_products_,,,,,,2022_12_21,3,0
314,224578,2,locheremoit,1.0,2,2,1.0,1.0,cold_storage__refrigerator_or_freezer;interior_lights;exterior_lights;fan;other_electronic_device;computer_or_tv;,-1.0,-1.0,1,1.0,1.0,1,0.0,0,1.0,cold_services_and_entertainment,,,,,,2022_12_21,7,0
315,224622,2,locheremoit,1.0,2,3,1.0,1.0,interior_lights;exterior_lights;no_additional_appliances;,-1.0,-1.0,1,1.0,1.0,0,1.0,0,1.0,child_care,,,1.0,,1.0,2022_12_21,4,0
316,224615,2,locheremoit,1.0,2,2,1.0,1.0,cold_storage__refrigerator_or_freezer;interior_lights;exterior_lights;fan;computer_or_tv;other_electronic_device;,-1.0,-1.0,1,1.0,1.0,1,1.0,1,1.0,cyber_space_charging_,,,,,,2022_12_21,7,0
317,224616,2,locheremoit,1.0,2,2,1.0,1.0,cold_storage__refrigerator_or_freezer;interior_lights;exterior_lights;no_additional_appliances;,-1.0,-1.0,1,1.0,1.0,1,1.0,2,1.0,hotel_services_and_tailoring,,,,,,2022_12_21,5,0
318,224782,2,locheremoit,1.0,2,5,1.0,1.0,interior_lights;exterior_lights;,-1.0,-1.0,1,1.0,1.0,0,0.0,2,1.0,,,,,,,2022_12_21,3,0
319,224772,2,locheremoit,1.0,2,5,1.0,1.0,interior_lights;exterior_lights;no_additional_appliances;,-1.0,-1.0,1,1.0,1.0,0,0.0,0,1.0,offering_extra_sale_of_meat_and_assured_freshness,,,,,,2022_12_21,4,0
320,224773,2,locheremoit,1.0,2,5,1.0,1.0,cold_storage__refrigerator_or_freezer;interior_lights;exterior_lights;fan;computer_or_tv;no_additional_appliances;,-1.0,-1.0,1,1.0,1.0,1,1.0,1,1.0,hotel_service,,,,,,2022_12_21,7,0
321,224608,2,locheremoit,1.0,2,2,1.0,1.0,cold_storage__refrigerator_or_freezer;interior_lights;exterior_lights;no_additional_appliances;,-1.0,-1.0,1,1.0,1.0,1,0.0,0,1.0,wholesale_n_retail_cold_drinks,,,,,,2022_12_21,5,0
322,224740,2,locheremoit,1.0,2,3,1.0,3.0,interior_lights;exterior_lights;no_additional_appliances;,-1.0,-1.0,1,2.0,1.0,1,0.0,0,,,,,1.0,extra_classes,1.0,2022_12_21,4,0
323,224742,2,locheremoit,1.0,2,3,1.0,3.0,interior_lights;exterior_lights;no_additional_appliances;,-1.0,-1.0,1,1.0,1.0,1,0.0,0,,,,,1.0,tution_classes_but_not_daily,1.0,2022_12_21,4,0
324,242319,2,nakukulas,1.0,2,5,1.0,1.0,interior_lights;exterior_lights;other_electronic_device;,-1.0,-1.0,1,1.0,1.0,1,0.0,0,1.0,charging_services,,,,,,2022_12_22,4,0
325,242190,2,nakukulas,1.0,3,2,1.0,3.0,interior_lights;exterior_lights;other_electronic_device;,-1.0,-1.0,1,1.0,1.0,1,0.0,0,1.0,phone_charging,,,,,,2022_12_22,4,0
326,242180,2,nakukulas,1.0,2,2,1.0,1.0,interior_lights;exterior_lights;no_additional_appliances;,-1.0,-1.0,1,1.0,1.0,0,0.0,0,1.0,goods_sell,,,,,,2022_12_22,4,0
327,242109,2,nakukulas,1.0,2,2,1.0,3.0,cold_storage__refrigerator_or_freezer;interior_lights;exterior_lights;other_electronic_device;computer_or_tv;,-1.0,-1.0,1,1.0,1.0,1,1.0,1,1.0,cold_storage,,,,,,2022_12_22,6,0
328,242123,2,nakukulas,1.0,2,2,1.0,3.0,exterior_lights;interior_lights;no_additional_appliances;,-1.0,-1.0,1,1.0,1.0,0,0.0,0,1.0,,,,,,,2022_12_22,4,0
329,242122,2,nakukulas,1.0,2,2,1.0,3.0,interior_lights;exterior_lights;no_additional_appliances;,-1.0,-1.0,1,1.0,1.0,0,0.0,0,1.0,initial_stock_sale,,,,,,2022_12_22,4,0
330,242124,2,nakukulas,1.0,2,2,1.0,2.0,interior_lights;exterior_lights;no_additional_appliances;,-1.0,-1.0,1,1.0,1.0,0,0.0,0,1.0,cereals__and_other_products,,,,,,2022_12_22,4,0
331,242162,2,nakukulas,1.0,2,2,1.0,3.0,interior_lights;exterior_lights;no_additional_appliances;,-1.0,-1.0,1,1.0,1.0,0,0.0,0,1.0,,,,,,,2022_12_22,4,0
332,242321,2,nakukulas,1.0,2,5,1.0,2.0,interior_lights;exterior_lights;,-1.0,1.0,1,1.0,1.0,0,0.0,0,,,,,,,,2022_12_22,3,0
333,242154,2,nakukulas,1.0,2,4,1.0,1.0,interior_lights;exterior_lights;other_electronic_device;,-1.0,-1.0,1,1.0,1.0,0,0.0,0,,,,,,,,2022_12_22,4,0
334,242255,2,nakukulas,1.0,2,3,1.0,3.0,interior_lights;exterior_lights;other_electronic_device;,-1.0,-1.0,1,1.0,1.0,1,0.0,0,,,,,1.0,extra_lesson,1.0,2022_12_22,4,0
335,242290,2,nakukulas,1.0,2,5,1.0,3.0,interior_lights;exterior_lights;computer_or_tv;other_electronic_device;,-1.0,-1.0,1,1.0,1.0,0,0.0,0,1.0,entertainment_,,,,,,2022_12_22,5,0
336,242316,2,nakukulas,1.0,2,2,1.0,3.0,interior_lights;exterior_lights;no_additional_appliances;,-1.0,-1.0,1,1.0,1.0,0,0.0,0,1.0,all_products_,,,,,,2022_12_22,4,0
337,242331,2,nakukulas,1.0,2,5,1.0,2.0,interior_lights;exterior_lights;,-1.0,-1.0,1,1.0,1.0,1,0.0,0,1.0,provide_water_to_the_community,,,,,,2022_12_22,3,0
338,252154,2,kangitankori,1.0,2,5,1.0,3.0,interior_lights;exterior_lights;fan;computer_or_tv;other_electronic_device;,-1.0,-1.0,1,2.0,3.0,1,0.0,0,1.0,entertainment_and_phone_charging,,,,,,2022_12_23,6,0
339,252101,2,kangitankori,1.0,2,5,1.0,3.0,cold_storage__refrigerator_or_freezer;interior_lights;exterior_lights;other_electronic_device;,-1.0,-1.0,1,1.0,3.0,0,0.0,0,1.0,entertainment,,,,,,2022_12_23,5,0
340,252203,2,kangitankori,1.0,2,1,1.0,1.0,interior_lights;exterior_lights;computer_or_tv;no_additional_appliances;,-1.0,-1.0,1,1.0,3.0,0,0.0,0,1.0,,clinic_stays_open_longer_hours;clinic_can_see_more_patients;wait_times_are_shorter;,extra_time_for_service_and_patient_attendance,,,,2022_12_23,5,3
341,252180,2,kangitankori,1.0,2,1,1.0,1.0,interior_lights;exterior_lights;fan;no_additional_appliances;,-1.0,-1.0,1,1.0,3.0,0,0.0,0,,,clinic_can_see_more_patients;,,,,,2022_12_23,5,1
342,252168,2,kangitankori,1.0,2,5,1.0,1.0,interior_lights;exterior_lights;other_electronic_device;,-1.0,-1.0,1,1.0,3.0,1,0.0,0,1.0,phone_charging,,,,,,2022_12_23,4,0
343,252117,2,kangitankori,1.0,2,2,1.0,1.0,interior_lights;exterior_lights;no_additional_appliances;,-1.0,-1.0,1,1.0,3.0,0,0.0,0,1.0,,,,,,,2022_12_23,4,0
344,252218,2,kangitankori,1.0,2,2,1.0,1.0,interior_lights;exterior_lights;computer_or_tv;no_additional_appliances;,-1.0,-1.0,1,1.0,3.0,0,0.0,0,1.0,phone_charging_,,,,,,2022_12_23,5,0
345,252103,2,kangitankori,1.0,2,2,1.0,1.0,interior_lights;exterior_lights;other_electronic_device;,-1.0,-1.0,1,1.0,3.0,1,0.0,0,1.0,charging_services,,,,,,2022_12_23,4,0
346,252103,2,kangitankori,1.0,2,2,1.0,1.0,interior_lights;exterior_lights;other_electronic_device;,-1.0,-1.0,1,1.0,3.0,1,0.0,0,1.0,charging_services,,,,,,2022_12_23,4,0
347,252217,2,kangitankori,1.0,2,2,1.0,1.0,interior_lights;exterior_lights;,-1.0,-1.0,1,1.0,3.0,0,0.0,0,1.0,,,,,,,2022_12_23,3,0
348,252120,2,kangitankori,1.0,2,4,1.0,1.0,interior_lights;exterior_lights;other_electronic_device;,-1.0,-1.0,1,1.0,3.0,0,0.0,0,,,,,,,,2022_12_23,4,0
349,252193,2,kangitankori,1.0,2,4,1.0,1.0,interior_lights;exterior_lights;other_electronic_device;,-1.0,-1.0,1,1.0,3.0,0,0.0,0,,,,,,,,2022_12_23,4,0
350,252177,2,kangitankori,1.0,2,2,1.0,3.0,interior_lights;exterior_lights;no_additional_appliances;,-1.0,-1.0,1,1.0,3.0,0,0.0,0,1.0,mpesa_service,,,,,,2022_12_23,4,0
351,252163,2,kangitankori,1.0,2,2,1.0,1.0,interior_lights;exterior_lights;cold_storage__refrigerator_or_freezer;,-1.0,-1.0,1,1.0,3.0,1,0.0,0,1.0,phone_charging_,,,,,,2022_12_23,4,0
352,252105,2,kangitankori,1.0,2,2,1.0,1.0,interior_lights;exterior_lights;,-1.0,-1.0,1,1.0,3.0,0,0.0,0,1.0,charging_atimes,,,,,,2022_12_23,3,0
353,252144,2,kangitankori,1.0,2,2,1.0,1.0,cold_storage__refrigerator_or_freezer;interior_lights;exterior_lights;fan;no_additional_appliances;,-1.0,-1.0,1,1.0,3.0,1,0.0,0,1.0,cold_preservation_of_drinks_and_other_stuff,,,,,,2022_12_23,6,0
354,252110,2,kangitankori,1.0,2,2,1.0,1.0,interior_lights;exterior_lights;other_electronic_device;,-1.0,-1.0,1,1.0,3.0,1,0.0,0,1.0,charging_services,,,,,,2022_12_23,4,0
355,252166,2,kangitankori,1.0,2,2,1.0,1.0,interior_lights;exterior_lights;fan;computer_or_tv;no_additional_appliances;,-1.0,-1.0,1,1.0,3.0,0,0.0,0,1.0,,,,,,,2022_12_23,6,0
356,252133,2,kangitankori,1.0,2,2,1.0,1.0,interior_lights;exterior_lights;,-1.0,-1.0,1,1.0,3.0,0,0.0,0,1.0,selling_cereals,,,,,,2022_12_23,3,0
357,252124,2,kangitankori,1.0,2,2,1.0,1.0,interior_lights;exterior_lights;no_additional_appliances;,-1.0,-1.0,1,1.0,3.0,1,0.0,0,1.0,phone_charging_,,,,,,2022_12_23,4,0
358,252173,2,kangitankori,1.0,2,2,1.0,1.0,cold_storage__refrigerator_or_freezer;interior_lights;exterior_lights;no_additional_appliances;,-1.0,-1.0,1,1.0,3.0,1,0.0,0,1.0,cold_storage,,,,,,2022_12_23,5,0
359,252109,2,kangitankori,1.0,2,2,1.0,1.0,interior_lights;exterior_lights;no_additional_appliances;,-1.0,-1.0,1,1.0,3.0,0,0.0,0,1.0,selling_of_more_drinks,,,,,,2022_12_23,4,0
360,252139,2,kangitankori,1.0,2,2,1.0,1.0,interior_lights;exterior_lights;,-1.0,-1.0,1,1.0,3.0,0,0.0,0,1.0,,,,,,,2022_12_23,3,0
361,252206,2,kangitankori,1.0,2,4,1.0,1.0,interior_lights;exterior_lights;no_additional_appliances;,-1.0,-1.0,1,1.0,3.0,1,0.0,0,,,,,,,,2022_12_23,4,0
362,252161,2,kangitankori,1.0,2,2,1.0,1.0,interior_lights;exterior_lights;,-1.0,-1.0,1,1.0,3.0,0,0.0,0,1.0,,,,,,,2022_12_23,3,0
363,252115,2,kangitankori,1.0,2,2,1.0,1.0,exterior_lights;interior_lights;no_additional_appliances;,-1.0,-1.0,1,1.0,3.0,1,0.0,0,1.0,phone_charging_and_offering_cold_refreshments,,,,,,2022_12_23,4,0
364,252197,2,kangitankori,1.0,2,3,1.0,3.0,interior_lights;exterior_lights;fan;computer_or_tv;no_additional_appliances;,-1.0,-1.0,1,1.0,3.0,1,0.0,0,,,,,1.0,morning_preps_and_night_lessons,1.0,2022_12_23,6,0
365,252171,2,kangitankori,1.0,2,2,1.0,1.0,interior_lights;no_additional_appliances;,0.0,0.0,1,1.0,3.0,0,0.0,0,1.0,still_same_services_as_before,,,,,,2022_12_23,3,0
366,252144,2,kangitankori,1.0,2,5,1.0,1.0,interior_lights;exterior_lights;no_additional_appliances;,0.0,0.0,1,1.0,3.0,0,0.0,0,1.0,initial_services_still_being_offere,,,,,,2022_12_23,4,0
367,252165,2,kangitankori,1.0,2,2,1.0,1.0,interior_lights;exterior_lights;,-1.0,-1.0,1,1.0,3.0,0,0.0,0,1.0,charging_services,,,,,,2022_12_23,3,0
368,252162,2,kangitankori,1.0,2,2,1.0,1.0,interior_lights;exterior_lights;no_additional_appliances;,0.0,0.0,1,1.0,3.0,0,0.0,0,1.0,offering_initial_servise,,,,,,2022_12_23,4,0
369,190121,2,kapelbok,1.0,2,5,1.0,3.0,interior_lights;exterior_lights;other_electronic_device;,0.0,0.0,1,1.0,3.0,1,1.0,0,1.0,charging_hair_care_and_entertainment,,,,,,2022_12_24,4,0
370,190225,2,kapelbok,1.0,2,5,2.0,3.0,interior_lights;exterior_lights;other_electronic_device;computer_or_tv;,0.0,0.0,1,1.0,3.0,0,0.0,0,1.0,hair_care_services,,,,,,2022_12_24,5,0
371,190112,2,kapelbok,1.0,2,2,1.0,3.0,interior_lights;exterior_lights;other_electronic_device;,0.0,0.0,1,1.0,3.0,1,0.0,0,1.0,charging_services,,,,,,2022_12_24,4,0
372,190100,2,kapelbok,1.0,2,2,1.0,1.0,interior_lights;exterior_lights;fan;no_additional_appliances;,0.0,0.0,1,1.0,3.0,0,0.0,0,1.0,offering_charging_atimes,,,,,,2022_12_24,5,0
373,190116,2,kapelbok,1.0,2,5,1.0,2.0,interior_lights;exterior_lights;computer_or_tv;other_electronic_device;,0.0,-1.0,1,1.0,3.0,1,0.0,0,1.0,phone_charging_and_entertainment,,,,,,2022_12_24,5,0
374,190161,2,kapelbok,1.0,2,4,1.0,1.0,interior_lights;exterior_lights;other_electronic_device;,-1.0,-1.0,1,1.0,3.0,1,0.0,0,,,,,,,,2022_12_24,4,0
375,190108,2,kapelbok,1.0,2,2,1.0,1.0,interior_lights;exterior_lights;other_electronic_device;,-1.0,-1.0,1,1.0,3.0,1,0.0,0,1.0,phone_charging_,,,,,,2022_12_24,4,0
376,190110,2,kapelbok,1.0,2,2,1.0,1.0,interior_lights;exterior_lights;no_additional_appliances;,-1.0,-1.0,1,1.0,3.0,0,0.0,0,1.0,,,,,,,2022_12_24,4,0
377,190101,2,kapelbok,1.0,2,2,1.0,1.0,interior_lights;cold_storage__refrigerator_or_freezer;exterior_lights;no_additional_appliances;,-1.0,-1.0,1,1.0,3.0,1,0.0,0,1.0,availed_cold_drinks,,,,,,2022_12_24,5,0
378,190145,2,kapelbok,1.0,2,1,1.0,1.0,interior_lights;exterior_lights;fan;no_additional_appliances;,-1.0,-1.0,1,1.0,3.0,0,0.0,0,,,clinic_stays_open_longer_hours;clinic_can_see_more_patients;,no_new_services_added_except_more_patient_attendance_time,,,,2022_12_24,5,2
379,190146,2,kapelbok,1.0,2,1,1.0,1.0,cold_storage__refrigerator_or_freezer;interior_lights;exterior_lights;computer_or_tv;,-1.0,-1.0,1,1.0,3.0,1,0.0,0,,,clinic_now_has_a_refrigerator_for_vaccines;clinic_stays_open_longer_hours;clinic_can_see_more_patients;wait_times_are_shorter;,availed_vaccines,,,,2022_12_24,5,4
380,190104,2,kapelbok,1.0,2,5,1.0,1.0,interior_lights;exterior_lights;computer_or_tv;other_electronic_device;,-1.0,-1.0,1,2.0,3.0,1,0.0,0,1.0,entertaimnent,,,,,,2022_12_24,5,0
381,190103,2,kapelbok,1.0,2,5,1.0,1.0,interior_lights;exterior_lights;cold_storage__refrigerator_or_freezer;computer_or_tv;fan;,-1.0,-1.0,1,2.0,3.0,1,0.0,0,1.0,entertainment_n_cold_drinks,,,,,,2022_12_24,6,0
382,190249,2,kapelbok,1.0,2,1,1.0,1.0,interior_lights;cold_storage__refrigerator_or_freezer;exterior_lights;fan;computer_or_tv;no_additional_appliances;,-1.0,-1.0,1,2.0,3.0,1,1.0,2,1.0,administering_more_care,clinic_now_has_a_refrigerator_for_vaccines;clinic_stays_open_longer_hours;clinic_can_see_more_patients;wait_times_are_shorter;,available_vaccination_and_carrying_out_various_tests,,,,2022_12_24,7,4
383,190218,2,kapelbok,1.0,2,4,1.0,1.0,interior_lights;exterior_lights;fan;,-1.0,-1.0,1,1.0,3.0,1,0.0,0,,,,,,,,2022_12_24,4,0
384,190215,2,kapelbok,1.0,2,4,1.0,1.0,interior_lights;exterior_lights;fan;no_additional_appliances;,-1.0,-1.0,1,1.0,3.0,1,0.0,0,,,,,,,,2022_12_24,5,0
385,190220,2,kapelbok,1.0,2,4,1.0,1.0,interior_lights;exterior_lights;fan;other_electronic_device;,-1.0,-1.0,1,1.0,3.0,0,0.0,0,,,,,,,,2022_12_24,5,0
386,190266,2,kapelbok,1.0,2,3,1.0,3.0,interior_lights;exterior_lights;computer_or_tv;fan;other_electronic_device;,-1.0,-1.0,1,1.0,3.0,1,0.0,0,,,,,1.0,morning_preps_and_night_preps_for_those_who_are_in_school,1.0,2022_12_24,6,0
387,190232,2,kapelbok,1.0,2,3,1.0,3.0,interior_lights;exterior_lights;computer_or_tv;other_electronic_device;,-1.0,-1.0,1,1.0,3.0,1,0.0,0,,,,,1.0,tution_classes,1.0,2022_12_24,5,0
388,190234,2,kapelbok,1.0,2,3,1.0,3.0,interior_lights;exterior_lights;,-1.0,-1.0,1,1.0,3.0,1,0.0,0,,,,,1.0,extra_classes_and_print_service,1.0,2022_12_24,3,0
389,190236,2,kapelbok,1.0,2,3,1.0,3.0,interior_lights;exterior_lights;,-1.0,-1.0,1,1.0,3.0,1,0.0,0,,,,,1.0,extra_lessons,1.0,2022_12_24,3,0
390,190233,2,kapelbok,1.0,2,3,1.0,3.0,interior_lights;exterior_lights;no_additional_appliances;,-1.0,-1.0,1,1.0,3.0,1,0.0,0,,,,,1.0,extra_lessons,1.0,2022_12_24,4,0
391,190233,2,kapelbok,1.0,2,3,1.0,3.0,interior_lights;exterior_lights;,-1.0,-1.0,1,1.0,3.0,1,0.0,0,,,,,1.0,classes_apart_from_the_normal_ones,1.0,2022_12_24,3,0
392,190346,2,kapelbok,1.0,2,3,1.0,1.0,interior_lights;exterior_lights;no_additional_appliances;,-1.0,-1.0,1,1.0,3.0,1,0.0,0,,,,,1.0,extra_classes_printing_services_of_exams_both_high_school_and_primary,1.0,2022_12_24,4,0
393,190345,2,kapelbok,1.0,2,3,1.0,3.0,interior_lights;exterior_lights;other_electronic_device;computer_or_tv;fan;,-1.0,-1.0,1,1.0,3.0,1,0.0,0,,,,,1.0,computer_classes_and_tution,1.0,2022_12_24,6,0
394,521042,1,ozuzu,4.0,3,2,1.0,2.0,1,-1.0,-1.0,1,1.0,3.0,0,0.0,,1.0,staying_on_i.e_externing_sales_time_or_period),,,,,,2023_02_04,1,0
395,521092,1,ozuzu,3.0,3,2,1.0,1.0,3,,,1,1.0,3.0,0,0.0,,1.0,cold_drinks_and_water,,,,,,2023_02_04,1,0
396,521060,1,ozuzu,1.0,3,2,1.0,1.0,1,-1.0,,1,2.0,1.0,1,0.0,,1.0,cold_drinks,,,,,,2023_02_04,1,0
397,521183,1,ozuzu,3.0,2,2,1.0,2.0,cold_storage___refrigerator_or_freezer_interior_lights_exterior_lights_fan_other_electronic_device,-1.0,-1.0,1,1.0,3.0,0,0.0,,1.0,staying_upto_11_pm_at_night_to_sell,,,,,,2023_02_04,1,0
398,521130,1,ozuzu,4.0,3,2,1.0,1.0,8,-1.0,-1.0,1,2.0,1.0,0,-1.0,1,0.0,having_cool_drinks_and_water_in_stock_at_all_times,,,,,,2023_02_04,1,0
399,521146,1,ozuzu,4.0,3,2,1.0,1.0,interior_lights_fan,-1.0,-1.0,1,2.0,1.0,0,0.0,,0.0,externtion_in_to_my_normal_selling_hours,,,,,,2023_02_05,1,0
400,521162,1,ozuzu,4.0,3,1,1.0,1.0,interior_lights_fan,-1.0,-1.0,1,2.0,3.0,0,0.0,,,,0,staying_longer_to_attain_to_petience,,,1.0,2023_02_05,1,0
401,521205,1,ozuzu,4.0,3,2,1.0,2.0,1,-1.0,-1.0,1,1.0,3.0,1,1.0,1,1.0,sales_of_cool_drinks_and_water_and_also_externtion_in_my_closing_time,,,,,1.0,2023_02_05,1,0
402,521268,1,ozuzu,4.0,3,5,1.0,2.0,interior_lights_exterior_lights_fan_other_electronic_device,-1.0,-1.0,1,1.0,1.0,1,0.0,,0.0,reduction_in_diesel_consumption_and_total_cost_of_running_generator,,,,,,2023_02_06,1,0
403,521286,1,ozuzu,4.0,3,4,1.0,2.0,interior_lights_exterior_lights_fan_other_electronic_device,-1.0,-1.0,1,2.0,3.0,1,0.0,,,weekly_programmes,,,,,,2023_02_06,1,0
404,521234,1,ozuzu,4.0,3,4,2.0,2.0,interior_lights_exterior_lights_fan,-1.0,-1.0,1,2.0,1.0,1,0.0,,,,,,,,,2023_02_06,1,0
405,521124,1,ozuzu,4.0,3,4,1.0,2.0,interior_lights_exterior_lights_fan,0.0,-1.0,1,2.0,3.0,0,0.0,,,,,,,,,2023_02_06,1,0
406,521230,1,ozuzu,4.0,3,4,1.0,1.0,interior_lights_exterior_lights_fan,-1.0,-1.0,0,,3.0,0,0.0,,,,,,,,,2023_02_06,1,0
407,530321,1,emereoke,3.0,2,4,1.0,2.0,8,-1.0,-1.0,1,2.0,3.0,0,0.0,,1.0,weekly_and_daily_programmes,,,,,,2023_02_07,1,0
408,530186,1,emereoke,4.0,3,2,1.0,2.0,interior_lights_exterior_lights_fan_computer_or_tv_other_electronic_device,-1.0,-1.0,1,2.0,3.0,0,1.0,1,1.0,longer_selling_time,,,,,,2023_02_07,1,0
409,530186,1,emereoke,4.0,3,2,1.0,2.0,8,-1.0,-1.0,1,2.0,3.0,0,-1.0,,1.0,externtion_in_running_hours,,,,,,2023_02_07,1,0
410,530012,1,emereoke,4.0,2,2,1.0,2.0,interior_lights_exterior_lights,-1.0,-1.0,1,1.0,3.0,1,0.0,,1.0,increase_in_operational_hours,,,,,,2023_02_07,1,0
411,530005,1,emereoke,4.0,3,2,1.0,2.0,interior_lights_exterior_lights_fan,-1.0,-1.0,-1,1.0,3.0,0,0.0,,1.0,a_more_reliable_service,,,,,,2023_02_07,1,0
412,530098,1,emereoke,4.0,3,2,1.0,2.0,exterior_lights_fan_other_electronic_device,-1.0,-1.0,0,1.0,3.0,1,0.0,,0.0,there_is_consitency_in_my_work_before_when_my_generator_fails_the_shop_will_not_be_open_the_next_day,,,,,,2023_02_07,1,0
413,530125,1,emereoke,4.0,3,4,1.0,1.0,interior_lights_exterior_lights_fan,-1.0,-1.0,0,,3.0,0,0.0,,0.0,still_the_same,,,,,,2023_02_07,1,0
414,530131,1,emereoke,4.0,3,1,1.0,1.0,cold_storage___refrigerator_or_freezer_exterior_lights_fan,-1.0,-1.0,0,,3.0,1,0.0,,,,0,still_the_same,,,,2023_02_07,1,0
415,530323,1,emereoke,3.0,2,3,1.0,1.0,interior_lights_exterior_lights,-1.0,-1.0,0,,2.0,0,0.0,,,,,,0.0,no,0.0,2023_02_07,1,0
416,530303,1,emereoke,4.0,3,4,1.0,1.0,cold_storage___refrigerator_or_freezer_interior_lights_exterior_lights_fan_computer_or_tv_other_electronic_device,-1.0,-1.0,0,,3.0,0,0.0,,,,,,,,,2023_02_07,1,0
417,530170,1,emereoke,,3,4,1.0,1.0,interior_lights_exterior_lights_no_additional_appliances,-1.0,-1.0,0,,3.0,0,0.0,,,,,,,,,2023_02_07,1,0
418,530082,1,emereoke,,3,4,1.0,1.0,interior_lights_exterior_lights_fan_computer_or_tv_no_additional_appliances,-1.0,-1.0,0,,3.0,0,0.0,,,,,,,,,2023_02_07,1,0
419,530120,1,emereoke,,3,4,1.0,1.0,interior_lights_exterior_lights_fan_computer_or_tv_other_electronic_device,-1.0,-1.0,0,,3.0,1,0.0,,,,,,,,,2023_02_07,1,0
420,530314,1,emereoke,,3,4,1.0,1.0,interior_lights_exterior_lights_fan,-1.0,-1.0,0,,3.0,0,0.0,,,,,,,,,2023_02_07,1,0
421,530190,1,emereoke,,3,4,1.0,1.0,interior_lights_exterior_lights_fan_other_electronic_device,-1.0,-1.0,0,,3.0,0,0.0,,,,,,,,,2023_02_07,1,0
422,530325,1,emereoke,4.0,3,2,1.0,2.0,interior_lights_exterior_lights_computer_or_tv,-1.0,-1.0,1,2.0,3.0,0,0.0,,1.0,externded_sales_time,,,,,,2023_02_08,1,0
423,53413,1,emereoke,4.0,3,2,1.0,1.0,cold_storage___refrigerator_or_freezer_interior_lights_exterior_lights_fan_computer_or_tv_other_electronic_device,-1.0,-1.0,1,2.0,3.0,1,0.0,,1.0,longer_operational_time,,,,,,2023_02_08,1,0
424,530253,1,emereoke,,3,4,1.0,2.0,7,-1.0,-1.0,1,2.0,3.0,1,0.0,,0.0,consistent_weekly_programme,,,,,,2023_02_08,1,0
425,530149,1,emereoke,2.0,2,4,1.0,2.0,interior_lights_exterior_lights_computer_or_tv,-1.0,-1.0,1,1.0,3.0,1,0.0,,1.0,all_knight_programme,,,,,,2023_02_08,1,0
426,530252,1,emereoke,3.0,3,4,1.0,2.0,interior_lights_exterior_lights_computer_or_tv,-1.0,-1.0,-1,1.0,3.0,0,0.0,,1.0,weekly_programmes,,,,,,2023_02_08,1,0
427,530193,1,emereoke,4.0,3,4,1.0,2.0,interior_lights_exterior_lights_other_electronic_device,-1.0,-1.0,1,2.0,2.0,1,0.0,,1.0,morning_devotion,,,,,,2023_02_08,1,0
428,550030,1,ekong_anaku,3.0,3,4,1.0,2.0,interior_lights_exterior_lights_fan_other_electronic_device,-1.0,-1.0,1,2.0,3.0,1,0.0,,0.0,midweek_services,,,,,,2023_02_14,1,0
429,550166,1,ekong_anaku,,3,4,1.0,2.0,interior_lights_exterior_lights_fan_other_electronic_device,-1.0,-1.0,0,,3.0,0,0.0,,0.0,daily_programme,,,,,,2023_02_14,1,0
430,550042,1,ekong_anaku,4.0,2,4,1.0,2.0,8,-1.0,0.0,0,,3.0,0,0.0,,0.0,,,,,,,2023_02_14,1,0
431,550046,1,ekong_anaku,4.0,3,4,1.0,2.0,interior_lights_exterior_lights_fan_computer_or_tv,-1.0,-1.0,0,,3.0,0,0.0,,0.0,,,,,,,2023_02_14,1,0
432,550094,1,ekong_anaku,4.0,3,5,1.0,2.0,cold_storage___refrigerator_or_freezer_interior_lights_exterior_lights_fan_no_additional_appliances,-1.0,-1.0,-1,2.0,3.0,0,0.0,,1.0,selling_upto_midnight,,,,,,2023_02_14,1,0
433,540160,1,bendeghe_afi,4.0,3,2,1.0,2.0,cold_storage___refrigerator_or_freezer_interior_lights_exterior_lights_fan_other_electronic_device,-1.0,-1.0,1,2.0,3.0,0,0.0,,1.0,externtion_of_my_sales_period_and_having_chill_product_readily_for_my_customers_at_all_time,,,,,,2023_02_15,1,0
434,540199,1,bendeghe_afi,4.0,3,4,1.0,2.0,interior_lights_exterior_lights_fan_no_additional_appliances,-1.0,-1.0,0,,3.0,0,0.0,,0.0,morning_services,,,,,,2023_02_15,1,0
435,540014,1,bendeghe_afi,4.0,3,4,1.0,2.0,interior_lights_exterior_lights_fan_computer_or_tv,-1.0,-1.0,0,,3.0,0,0.0,,0.0,,,,,,,2023_02_15,1,0
436,540095,1,bendeghe_afi,4.0,3,4,1.0,2.0,interior_lights_exterior_lights_fan,-1.0,-1.0,0,,3.0,0,0.0,,0.0,,,,,,,2023_02_15,1,0
437,540183,1,bendeghe_afi,4.0,3,4,1.0,2.0,interior_lights_exterior_lights_fan,-1.0,-1.0,0,,3.0,0,0.0,,0.0,access_to_light_always_at_night_during_evening_programmes,,,,,,2023_02_15,1,0
438,560085,1,opu,4.0,3,3,1.0,2.0,8,-1.0,-1.0,0,,3.0,0,0.0,,,,,,1.0,practical_computer_classes,1.0,2023_02_17,1,0
439,560003,1,opu,4.0,3,4,1.0,2.0,interior_lights_exterior_lights_cooking_appliance_computer_or_tv_other_electronic_device,-1.0,-1.0,1,1.0,3.0,1,0.0,,0.0,i_now_offer_midweek_programmes,,,,,,2023_02_17,1,0
440,570141,1,balep,4.0,3,1,1.0,2.0,8,-1.0,-1.0,0,,3.0,0,0.0,,,,,,,,,2023_02_20,1,0
441,570042,1,balep,4.0,3,4,1.0,2.0,interior_lights_exterior_lights,-1.0,-1.0,-1,,,0,0.0,,0.0,midweek_services,,,,,,2023_02_20,1,0
442,570136,1,balep,4.0,3,3,1.0,1.0,,-1.0,-1.0,0,,3.0,0,0.0,,,,,,0.0,evning_classes,0.0,2023_02_20,0,0
443,570116,1,balep,3.0,2,4,1.0,2.0,interior_lights_exterior_lights_other_electronic_device_no_additional_appliances,-1.0,-1.0,0,,3.0,0,0.0,,0.0,,,,,,,2023_02_20,1,0
444,570110,1,balep,4.0,3,4,1.0,2.0,interior_lights_exterior_lights_fan_no_additional_appliances,-1.0,-1.0,0,,3.0,0,0.0,,0.0,,,,,,,2023_02_20,1,0
445,570068,1,balep,,3,4,1.0,2.0,8,-1.0,-1.0,0,,3.0,0,0.0,,0.0,evening_services,,,,,,2023_02_20,1,0
446,570043,1,balep,4.0,3,4,1.0,2.0,interior_lights_exterior_lights_fan_other_electronic_device,-1.0,-1.0,0,,3.0,0,0.0,,0.0,instrumental_practice_and_morning_and_evening_service,,,,,,2023_02_20,1,0
447,560205,1,opu,4.0,3,4,1.0,2.0,interior_lights_fan_other_electronic_device,0.0,-1.0,0,,3.0,0,0.0,,,,,,,,,2023_02_18,1,0
448,560219,1,opu,4.0,3,4,1.0,2.0,interior_lights_exterior_lights_fan_other_electronic_device,-1.0,-1.0,0,,3.0,0,0.0,,,,,,,,,2023_02_18,1,0
449,560217,1,opu,4.0,3,4,1.0,1.0,interior_lights_exterior_lights_other_electronic_device,-1.0,-1.0,0,,3.0,0,0.0,,0.0,,,,,,,2023_02_18,1,0
450,560136,1,opu,4.0,3,4,1.0,2.0,interior_lights_exterior_lights_fan_computer_or_tv_other_electronic_device,-1.0,-1.0,0,,3.0,0,0.0,,,,,,,,,2023_02_18,1,0
451,501125,1,oloibiri,5.0,3,2,1.0,1.0,cold_storage___refrigerator_or_freezer_interior_lights_exterior_lights_fan_cooking_appliance_other_electronic_device,-1.0,-1.0,1,1.0,3.0,1,0.0,,1.0,externtion_im_my_sales_time,,,,,,2023_02_23,1,0
452,501127,1,oloibiri,5.0,4,2,1.0,1.0,cold_storage___refrigerator_or_freezer_interior_lights_exterior_lights_fan,-1.0,-1.0,-1,,1.0,1,0.0,,0.0,sales_of_cool_products_and_prevention_of_vaccines,,,,,,2023_02_23,1,0
453,501131,1,oloibiri,4.0,4,2,2.0,1.0,,-1.0,-1.0,-1,,3.0,0,0.0,,,,,,,,,2023_02_23,0,0
454,501157,1,oloibiri,4.0,3,2,1.0,3.0,cold_storage___refrigerator_or_freezer_interior_lights_exterior_lights,-1.0,-1.0,0,,3.0,1,0.0,,0.0,seeling_till_11pm,,,,,,2023_02_23,1,0
455,501158,1,oloibiri,5.0,4,2,1.0,3.0,8,-1.0,-1.0,1,1.0,1.0,1,0.0,,1.0,the__sales_of_cool_drinks_and_water_at_all_time_this_is_a_srevice_i_was_unable_to_offer_before_now,,,,,,2023_02_23,1,0
456,501162,1,oloibiri,4.0,3,2,1.0,,interior_lights_exterior_lights_computer_or_tv,-1.0,-1.0,0,,3.0,1,1.0,1,1.0,colour_printing_photography,,,,,,2023_02_23,1,0
457,501165,1,oloibiri,4.0,3,4,1.0,3.0,interior_lights_exterior_lights_fan_computer_or_tv_other_electronic_device,-1.0,-1.0,0,,3.0,1,0.0,,0.0,morning_and_evning_services,,,,,,2023_02_23,1,0
458,501169,1,oloibiri,4.0,3,4,1.0,3.0,interior_lights_exterior_lights_fan,-1.0,-1.0,0,,3.0,0,0.0,,0.0,,,,,,,2023_02_23,1,0
459,502403,1,oloibiri,4.0,3,5,1.0,1.0,3,-1.0,-1.0,0,,1.0,0,0.0,,0.0,water_being_available_at_all_time_of_the_day_for_the_indegine,,,,,,2023_02_23,1,0
460,501120,1,oloibiri,5.0,4,5,1.0,1.0,interior_lights_exterior_lights_fan_computer_or_tv,-1.0,-1.0,0,,3.0,0,,,,,,,0.0,we_use_the_minigrid_power_to_pump_water_in_the_school,1.0,2023_02_25,1,0
461,501163,1,oloibiri,5.0,4,5,1.0,1.0,interior_lights_exterior_lights_fan_computer_or_tv,-1.0,-1.0,0,,3.0,0,,,,,,,0.0,,1.0,2023_02_25,1,0
462,503000,1,oloibiri,5.0,4,1,1.0,2.0,cold_storage___refrigerator_or_freezer_interior_lights_exterior_lights_fan_computer_or_tv_other_electronic_device,-1.0,-1.0,0,,3.0,0,0.0,,,,0,,,,,2023_02_25,1,0
463,502508,1,oloibiri,5.0,4,4,1.0,2.0,interior_lights_exterior_lights_fan_other_electronic_device,0.0,0.0,0,,3.0,0,0.0,,,,,,,,,2023_02_25,1,0
464,501200,1,oloibiri,5.0,4,4,1.0,2.0,interior_lights_exterior_lights_fan_other_electronic_device,0.0,0.0,0,,3.0,0,0.0,,,,,,,,,2023_02_25,1,0
465,501123,1,oloibiri,5.0,4,2,1.0,1.0,cold_storage___refrigerator_or_freezer_interior_lights_exterior_lights,0.0,0.0,1,2.0,3.0,0,0.0,,1.0,cold_drinks_and_water,,,,,,2023_02_25,1,0
466,501217,1,oloibiri,5.0,4,2,1.0,2.0,cold_storage___refrigerator_or_freezer_interior_lights_exterior_lights_fan_computer_or_tv,0.0,0.0,1,2.0,3.0,0,0.0,,1.0,cold_drinks,,,,,,2023_02_25,1,0
467,502525,1,oloibiri,5.0,4,2,1.0,1.0,cold_storage___refrigerator_or_freezer_interior_lights,0.0,0.0,0,2.0,3.0,0,0.0,,0.0,cold_drinks,,,,,,2023_02_25,1,0
468,503336,1,oloibiri,5.0,4,2,1.0,1.0,cold_storage___refrigerator_or_freezer_interior_lights_exterior_lights_fan,0.0,0.0,0,2.0,3.0,0,0.0,,1.0,cold_drinks,,,,,,2023_02_25,1,0
469,503356,1,oloibiri,5.0,4,2,1.0,1.0,interior_lights_exterior_lights_fan,0.0,0.0,0,2.0,3.0,0,0.0,,0.0,nothing,,,,,,2023_02_25,1,0
