,renewvia_id,business_type,operation_status,kerosene_usage_change,diesel_usage_change,operations_hours_change,clean_drinking_water_access,new_prod_serv_add_0,new_prod_serv_add_1,workforce_change,workforce_change_female,weekly_monthly_earnings,school_attendance_change,school_attendance_performance
0,131206,shop,,-1.0,-1.0,1.0,1.0,0.0,1.0,0.0,,1.0,0.0,0.0
1,131231,other_business,,-1.0,-1.0,1.0,1.0,0.0,1.0,1.0,,1.0,0.0,0.0
2,131542,shop,,-1.0,-1.0,1.0,1.0,0.0,1.0,0.0,,1.0,0.0,0.0
3,131220,shop,,1.0,1.0,1.0,1.0,0.0,1.0,1.0,,1.0,0.0,0.0
4,131485,shop,,-1.0,-1.0,1.0,1.0,1.0,0.0,0.0,,1.0,0.0,0.0
5,131107,shop,,-1.0,-1.0,1.0,1.0,0.0,1.0,0.0,,1.0,0.0,0.0
6,131111,shop,,-1.0,-1.0,1.0,1.0,0.0,1.0,1.0,,1.0,0.0,0.0
7,131214,shop,,-1.0,-1.0,1.0,0.0,0.0,1.0,0.0,,0.0,0.0,0.0
8,131199,shop,,-1.0,-1.0,1.0,0.0,0.0,1.0,0.0,0,1.0,0.0,0.0
9,132296,shop,1.0,-1.0,-1.0,1.0,0.0,1.0,0.0,0.0,0,1.0,0.0,0.0
10,131455,shop,1.0,-1.0,-1.0,1.0,0.0,0.0,1.0,1.0,1,1.0,0.0,0.0
11,131295,shop,1.0,-1.0,-1.0,1.0,0.0,0.0,1.0,0.0,0,1.0,0.0,0.0
12,131225,shop,1.0,-1.0,-1.0,1.0,0.0,0.0,1.0,0.0,0,1.0,0.0,0.0
13,131101,other_business,1.0,-1.0,-1.0,1.0,0.0,1.0,0.0,0.0,0,1.0,0.0,0.0
14,311102,shop,1.0,-1.0,-1.0,1.0,0.0,0.0,1.0,0.0,0,1.0,0.0,0.0
15,131670,shop,1.0,-1.0,-1.0,1.0,0.0,0.0,1.0,0.0,0,1.0,0.0,0.0
16,131515,shop,1.0,-1.0,-1.0,1.0,0.0,1.0,0.0,0.0,0,0.0,0.0,0.0
17,131209,shop,1.0,-1.0,-1.0,1.0,0.0,0.0,1.0,0.0,0,1.0,0.0,0.0
18,131297,shop,1.0,-1.0,-1.0,1.0,0.0,1.0,0.0,0.0,0,1.0,0.0,0.0
19,131221,shop,1.0,-1.0,-1.0,1.0,0.0,1.0,0.0,0.0,0,1.0,0.0,0.0
20,131223,other_business,1.0,-1.0,-1.0,1.0,0.0,0.0,1.0,1.0,3,1.0,0.0,0.0
21,131175,religious_institution,1.0,-1.0,-1.0,1.0,0.0,0.0,1.0,0.0,0,1.0,0.0,0.0
22,131503,shop,1.0,-1.0,-1.0,1.0,0.0,0.0,1.0,1.0,1,1.0,0.0,0.0
23,131181,shop,1.0,-1.0,-1.0,1.0,0.0,0.0,1.0,0.0,0,1.0,0.0,0.0
24,131213,shop,1.0,-1.0,-1.0,1.0,0.0,0.0,1.0,1.0,0,1.0,0.0,0.0
25,131159,clinic,1.0,-1.0,-1.0,1.0,0.0,1.0,0.0,0.0,0,1.0,0.0,0.0
26,131328,shop,1.0,-1.0,-1.0,1.0,0.0,0.0,1.0,0.0,0,1.0,0.0,0.0
27,131586,shop,1.0,-1.0,-1.0,1.0,0.0,0.0,1.0,0.0,0,1.0,0.0,0.0
28,131582,shop,1.0,-1.0,-1.0,1.0,0.0,1.0,0.0,0.0,0,1.0,0.0,0.0
29,131294,other_business,1.0,-1.0,-1.0,1.0,0.0,1.0,0.0,0.0,0,1.0,0.0,0.0
30,131216,shop,1.0,-1.0,-1.0,1.0,0.0,1.0,0.0,0.0,0,1.0,0.0,0.0
31,131269,other_business,1.0,-1.0,-1.0,1.0,0.0,0.0,1.0,1.0,1,1.0,0.0,0.0
32,131314,other_business,1.0,-1.0,-1.0,1.0,0.0,0.0,1.0,1.0,2,1.0,0.0,0.0
33,131293,other_business,1.0,-1.0,-1.0,1.0,0.0,0.0,1.0,0.0,0,0.0,1.0,1.0
34,131400,religious_institution,1.0,-1.0,-1.0,1.0,1.0,0.0,1.0,0.0,0,1.0,1.0,1.0
35,131291,other_business,1.0,-1.0,-1.0,1.0,0.0,0.0,1.0,1.0,5,1.0,0.0,0.0
36,131194,other_business,1.0,-1.0,-1.0,1.0,0.0,1.0,0.0,0.0,0,1.0,0.0,0.0
37,131319,other_business,1.0,-1.0,-1.0,1.0,0.0,0.0,1.0,1.0,1,1.0,0.0,0.0
38,131344,shop,1.0,-1.0,-1.0,1.0,0.0,0.0,1.0,0.0,0,1.0,0.0,0.0
39,131324,other_business,1.0,-1.0,-1.0,1.0,0.0,1.0,0.0,1.0,0,1.0,0.0,0.0
40,131215,shop,1.0,-1.0,-1.0,1.0,0.0,1.0,0.0,0.0,0,1.0,0.0,0.0
41,131287,shop,1.0,-1.0,-1.0,1.0,0.0,1.0,0.0,1.0,0,1.0,0.0,0.0
42,131177,shop,1.0,-1.0,-1.0,1.0,0.0,0.0,1.0,1.0,2,1.0,0.0,0.0
43,131429,other_business,1.0,-1.0,-1.0,1.0,0.0,1.0,0.0,0.0,0,1.0,0.0,0.0
44,131641,clinic,1.0,-1.0,-1.0,1.0,0.0,0.0,1.0,1.0,5,0.0,0.0,0.0
45,131405,other_business,1.0,-1.0,-1.0,1.0,0.0,0.0,1.0,1.0,1,1.0,0.0,0.0
46,131332,other_business,1.0,-1.0,-1.0,1.0,0.0,0.0,1.0,1.0,1,1.0,0.0,0.0
47,131581,shop,1.0,-1.0,-1.0,1.0,0.0,1.0,0.0,0.0,0,1.0,0.0,0.0
48,131207,shop,1.0,-1.0,-1.0,1.0,0.0,0.0,1.0,0.0,0,1.0,0.0,0.0
49,131665,shop,1.0,-1.0,-1.0,1.0,0.0,1.0,0.0,0.0,1,1.0,0.0,0.0
50,131524,shop,1.0,-1.0,-1.0,1.0,0.0,1.0,0.0,0.0,0,1.0,0.0,0.0
51,131568,shop,1.0,-1.0,-1.0,1.0,0.0,0.0,1.0,0.0,0,1.0,0.0,0.0
52,131550,religious_institution,1.0,-1.0,-1.0,1.0,0.0,0.0,1.0,1.0,2,1.0,0.0,0.0
53,131571,shop,1.0,-1.0,-1.0,1.0,0.0,0.0,1.0,0.0,0,1.0,0.0,0.0
54,131387,shop,1.0,-1.0,-1.0,1.0,1.0,0.0,1.0,0.0,0,1.0,0.0,0.0
55,131487,other_business,1.0,-1.0,-1.0,1.0,1.0,0.0,1.0,0.0,0,0.0,0.0,0.0
56,131596,other_business,1.0,-1.0,-1.0,1.0,0.0,0.0,1.0,1.0,2,1.0,1.0,1.0
57,131599,school,1.0,0.0,-1.0,-1.0,0.0,0.0,1.0,0.0,0,0.0,1.0,1.0
58,131598,school,1.0,-1.0,-1.0,1.0,0.0,0.0,1.0,0.0,0,0.0,1.0,1.0
59,131509,shop,1.0,-1.0,-1.0,1.0,0.0,1.0,0.0,0.0,0,1.0,0.0,0.0
60,131243,shop,1.0,-1.0,-1.0,1.0,1.0,1.0,0.0,1.0,0,1.0,0.0,0.0
61,131603,other_business,1.0,-1.0,-1.0,1.0,1.0,0.0,1.0,0.0,0,0.0,0.0,0.0
62,131310,other_business,1.0,-1.0,-1.0,1.0,1.0,0.0,1.0,1.0,2,1.0,0.0,0.0
63,131392,religious_institution,1.0,-1.0,-1.0,1.0,0.0,1.0,0.0,0.0,0,0.0,0.0,0.0
64,131248,shop,1.0,-1.0,-1.0,1.0,0.0,1.0,0.0,0.0,0,1.0,0.0,0.0
65,131608,shop,1.0,-1.0,-1.0,1.0,0.0,1.0,0.0,0.0,0,1.0,0.0,0.0
66,131249,shop,1.0,-1.0,-1.0,1.0,0.0,1.0,0.0,1.0,1,1.0,0.0,0.0
67,131338,shop,1.0,-1.0,-1.0,1.0,0.0,1.0,0.0,0.0,0,1.0,0.0,0.0
68,131523,shop,1.0,-1.0,-1.0,1.0,1.0,1.0,0.0,0.0,0,1.0,0.0,0.0
69,131234,other_business,1.0,-1.0,-1.0,1.0,0.0,1.0,0.0,0.0,0,1.0,0.0,0.0
70,131320,other_business,1.0,-1.0,-1.0,1.0,0.0,1.0,0.0,0.0,0,1.0,0.0,0.0
71,131667,shop,1.0,-1.0,-1.0,1.0,0.0,1.0,0.0,0.0,0,1.0,0.0,0.0
72,131336,other_business,1.0,-1.0,-1.0,1.0,0.0,1.0,0.0,1.0,1,1.0,0.0,0.0
73,131106,shop,1.0,-1.0,-1.0,1.0,0.0,1.0,0.0,0.0,0,1.0,0.0,0.0
74,131597,school,1.0,-1.0,-1.0,1.0,1.0,0.0,1.0,0.0,0,0.0,1.0,1.0
75,131516,shop,1.0,-1.0,-1.0,1.0,0.0,1.0,0.0,0.0,0,1.0,0.0,0.0
76,131198,shop,1.0,-1.0,-1.0,1.0,0.0,0.0,1.0,0.0,0,1.0,0.0,0.0
77,131435,shop,1.0,-1.0,-1.0,1.0,0.0,0.0,1.0,1.0,1,1.0,0.0,0.0
78,131183,shop,1.0,-1.0,-1.0,1.0,0.0,0.0,1.0,1.0,0,1.0,0.0,0.0
79,131261,religious_institution,1.0,-1.0,-1.0,1.0,1.0,0.0,1.0,0.0,0,0.0,0.0,0.0
80,131119,other_business,1.0,-1.0,-1.0,1.0,1.0,1.0,0.0,1.0,1,1.0,0.0,0.0
81,131601,clinic,1.0,-1.0,-1.0,1.0,1.0,0.0,1.0,0.0,0,1.0,0.0,0.0
82,131157,other_business,1.0,-1.0,-1.0,1.0,0.0,1.0,0.0,0.0,0,1.0,0.0,0.0
83,131292,other_business,1.0,-1.0,-1.0,1.0,1.0,1.0,0.0,0.0,0,0.0,0.0,
84,131567,other_business,1.0,-1.0,-1.0,1.0,1.0,1.0,0.0,0.0,0,1.0,0.0,0.0
85,131569,shop,1.0,-1.0,-1.0,1.0,1.0,1.0,0.0,0.0,0,1.0,0.0,0.0
86,141198,other_business,1.0,-1.0,-1.0,1.0,1.0,0.0,1.0,0.0,0,1.0,0.0,0.0
87,141108,shop,1.0,-1.0,-1.0,1.0,1.0,1.0,0.0,0.0,0,1.0,0.0,0.0
88,141121,other_business,1.0,-1.0,-1.0,1.0,1.0,1.0,0.0,0.0,0,1.0,0.0,0.0
89,141126,shop,1.0,-1.0,-1.0,1.0,1.0,1.0,0.0,1.0,3,1.0,0.0,0.0
90,141130,shop,1.0,-1.0,-1.0,1.0,1.0,1.0,0.0,0.0,0,1.0,0.0,0.0
91,141122,other_business,1.0,-1.0,-1.0,1.0,1.0,1.0,0.0,0.0,0,1.0,0.0,0.0
92,141179,shop,1.0,-1.0,-1.0,1.0,1.0,1.0,0.0,0.0,0,1.0,0.0,0.0
93,141166,shop,1.0,-1.0,-1.0,1.0,1.0,1.0,0.0,0.0,0,1.0,0.0,0.0
94,131112,shop,1.0,-1.0,-1.0,1.0,1.0,1.0,0.0,0.0,0,1.0,0.0,0.0
95,141137,shop,1.0,-1.0,-1.0,1.0,1.0,1.0,0.0,0.0,0,1.0,0.0,0.0
96,141155,shop,1.0,-1.0,-1.0,1.0,1.0,1.0,0.0,0.0,0,1.0,0.0,0.0
97,141106,shop,1.0,-1.0,-1.0,1.0,1.0,1.0,0.0,0.0,0,1.0,0.0,0.0
98,141150,shop,1.0,-1.0,-1.0,1.0,1.0,1.0,0.0,0.0,0,1.0,0.0,0.0
99,141153,religious_institution,1.0,-1.0,-1.0,1.0,1.0,0.0,1.0,1.0,1,0.0,0.0,0.0
100,141123,shop,1.0,-1.0,-1.0,1.0,1.0,1.0,0.0,0.0,0,1.0,0.0,0.0
101,141504,other_business,1.0,-1.0,-1.0,1.0,1.0,1.0,0.0,0.0,0,1.0,0.0,0.0
102,141191,religious_institution,1.0,-1.0,-1.0,1.0,1.0,1.0,0.0,0.0,0,0.0,0.0,0.0
103,141200,clinic,1.0,-1.0,-1.0,1.0,1.0,1.0,0.0,0.0,0,0.0,0.0,0.0
104,141119,shop,1.0,-1.0,-1.0,1.0,1.0,1.0,0.0,0.0,0,1.0,0.0,0.0
105,141129,other_business,1.0,-1.0,-1.0,1.0,1.0,1.0,0.0,0.0,0,1.0,0.0,0.0
106,141616,other_business,1.0,-1.0,-1.0,1.0,1.0,1.0,0.0,1.0,0,1.0,0.0,0.0
107,141144,other_business,1.0,-1.0,-1.0,1.0,1.0,1.0,0.0,0.0,0,1.0,0.0,0.0
108,141128,shop,1.0,-1.0,-1.0,1.0,1.0,0.0,1.0,0.0,0,1.0,0.0,0.0
109,141135,other_business,1.0,-1.0,-1.0,1.0,1.0,0.0,1.0,1.0,0,1.0,0.0,0.0
110,141309,shop,1.0,-1.0,-1.0,1.0,1.0,1.0,0.0,0.0,0,1.0,0.0,0.0
111,ND2256,shop,1.0,-1.0,-1.0,1.0,1.0,0.0,1.0,0.0,0,,0.0,
112,ND2268,shop,1.0,-1.0,-1.0,1.0,1.0,0.0,1.0,0.0,0,1.0,0.0,
113,ND2285,school,1.0,-1.0,-1.0,1.0,1.0,0.0,1.0,0.0,0,,1.0,1.0
114,ND2375,shop,1.0,-1.0,-1.0,1.0,1.0,0.0,1.0,0.0,0,,,
115,ND2490,other_business,1.0,-1.0,-1.0,1.0,1.0,1.0,0.0,0.0,0,,,
116,ND2233,clinic,1.0,-1.0,-1.0,1.0,1.0,1.0,0.0,0.0,0,,0.0,
117,ND2427,other_business,0.0,-1.0,-1.0,1.0,1.0,1.0,0.0,0.0,0,0.0,,
118,ND2383,shop,1.0,-1.0,-1.0,1.0,1.0,0.0,1.0,0.0,0,1.0,,
119,ND2345,shop,1.0,-1.0,-1.0,1.0,1.0,0.0,1.0,0.0,0,1.0,,
120,ND2355,other_business,1.0,-1.0,-1.0,1.0,1.0,1.0,0.0,0.0,0,,,
121,ND2226,other_business,1.0,-1.0,-1.0,1.0,1.0,1.0,0.0,0.0,0,,,
122,ND2286,other_business,1.0,-1.0,-1.0,1.0,1.0,0.0,1.0,1.0,1,,,
123,ND2324,shop,1.0,-1.0,-1.0,1.0,1.0,0.0,1.0,1.0,2,1.0,,
124,ND2396,shop,1.0,-1.0,-1.0,1.0,1.0,0.0,1.0,1.0,2,1.0,,
125,ND2397,shop,1.0,-1.0,-1.0,1.0,1.0,0.0,1.0,0.0,0,1.0,,
126,ND2295,other_business,1.0,-1.0,-1.0,1.0,1.0,1.0,0.0,1.0,0,1.0,,
127,ND2401,shop,1.0,-1.0,-1.0,1.0,1.0,1.0,0.0,0.0,0,1.0,,
128,ND2329,shop,1.0,-1.0,-1.0,1.0,1.0,0.0,1.0,0.0,0,1.0,,
129,ND2405,other_business,1.0,-1.0,-1.0,1.0,1.0,1.0,0.0,0.0,0,,,
130,ND2466,other_business,1.0,-1.0,-1.0,1.0,1.0,1.0,0.0,0.0,0,1.0,,
131,ND2361,shop,1.0,-1.0,-1.0,1.0,1.0,1.0,0.0,0.0,0,1.0,,
132,ND0000,other_business,1.0,-1.0,-1.0,1.0,1.0,0.0,1.0,1.0,1,1.0,,
133,ND2253,clinic,1.0,-1.0,-1.0,1.0,1.0,0.0,1.0,0.0,1,1.0,,
134,ND0058,other_business,1.0,-1.0,-1.0,1.0,1.0,1.0,0.0,0.0,0,1.0,,
135,ND2407,shop,1.0,-1.0,-1.0,1.0,1.0,1.0,0.0,1.0,0,1.0,,
136,ND2344,shop,1.0,-1.0,-1.0,1.0,1.0,1.0,0.0,0.0,0,1.0,,
137,ND2264,shop,1.0,-1.0,-1.0,1.0,1.0,0.0,1.0,0.0,0,1.0,,
138,ND2245,religious_institution,1.0,-1.0,-1.0,1.0,1.0,1.0,0.0,0.0,0,,,
139,ND2547,other_business,1.0,-1.0,-1.0,1.0,1.0,1.0,0.0,0.0,0,1.0,,
140,ND2446,shop,1.0,-1.0,-1.0,1.0,1.0,1.0,0.0,0.0,0,1.0,,
141,ND2386,shop,1.0,-1.0,-1.0,1.0,1.0,1.0,0.0,0.0,0,1.0,,
142,ND2537,other_business,1.0,-1.0,-1.0,1.0,1.0,0.0,1.0,1.0,0,1.0,,
143,ND2294,shop,1.0,-1.0,-1.0,1.0,1.0,0.0,1.0,0.0,0,1.0,,
144,ND2293,shop,1.0,-1.0,-1.0,1.0,1.0,1.0,0.0,0.0,0,1.0,,
145,ND2293,shop,1.0,-1.0,-1.0,1.0,1.0,1.0,0.0,0.0,0,1.0,,
146,ND2492,shop,0.0,-1.0,-1.0,0.0,0.0,1.0,0.0,0.0,1,0.0,,
147,ND2336,shop,1.0,-1.0,-1.0,1.0,1.0,1.0,0.0,0.0,0,1.0,,
148,ND2289,other_business,1.0,-1.0,-1.0,1.0,1.0,1.0,0.0,1.0,1,1.0,,
149,161007,other_business,1.0,-1.0,-1.0,1.0,0.0,1.0,0.0,0.0,0,1.0,,
150,161027,other_business,1.0,-1.0,-1.0,1.0,0.0,1.0,0.0,0.0,0,1.0,,
151,161005,other_business,1.0,-1.0,-1.0,1.0,0.0,1.0,0.0,0.0,0,1.0,,
152,161142,clinic,1.0,-1.0,-1.0,1.0,0.0,0.0,1.0,1.0,2,,,
153,161026,other_business,1.0,-1.0,-1.0,1.0,0.0,1.0,0.0,0.0,0,1.0,,
154,161010,other_business,1.0,-1.0,-1.0,1.0,0.0,1.0,0.0,0.0,0,1.0,,
155,161150,religious_institution,1.0,-1.0,-1.0,1.0,0.0,0.0,1.0,0.0,0,,,
156,161094,religious_institution,1.0,-1.0,-1.0,1.0,0.0,1.0,0.0,0.0,0,,,
157,161086,other_business,1.0,-1.0,-1.0,1.0,0.0,1.0,0.0,0.0,0,1.0,,
158,161072,school,1.0,-1.0,-1.0,1.0,0.0,0.0,1.0,0.0,0,,1.0,1.0
159,161071,school,1.0,-1.0,-1.0,1.0,0.0,0.0,1.0,0.0,0,,1.0,1.0
160,RN2277,shop,1.0,-1.0,-1.0,1.0,1.0,0.0,1.0,0.0,0,1.0,0.0,0.0
161,RN2329,shop,1.0,-1.0,-1.0,1.0,1.0,0.0,1.0,0.0,0,1.0,0.0,0.0
162,RN2242,religious_institution,1.0,-1.0,-1.0,1.0,1.0,0.0,1.0,0.0,0,,0.0,0.0
163,RN2222,other_business,1.0,-1.0,-1.0,1.0,1.0,0.0,1.0,1.0,0,1.0,0.0,0.0
164,RN2247,shop,1.0,-1.0,-1.0,1.0,1.0,0.0,1.0,1.0,4,1.0,0.0,0.0
165,RN2701,shop,1.0,-1.0,-1.0,1.0,1.0,0.0,1.0,0.0,0,1.0,0.0,0.0
166,RN2265,shop,1.0,-1.0,-1.0,1.0,1.0,0.0,1.0,0.0,0,1.0,0.0,0.0
167,RN2835,shop,1.0,-1.0,-1.0,1.0,1.0,1.0,0.0,0.0,1,1.0,0.0,0.0
168,RN2339,shop,1.0,-1.0,-1.0,1.0,1.0,0.0,1.0,0.0,2,1.0,0.0,0.0
169,RN2257,other_business,1.0,-1.0,-1.0,1.0,1.0,1.0,0.0,1.0,2,1.0,0.0,0.0
170,RN2286,other_business,1.0,-1.0,-1.0,1.0,1.0,1.0,0.0,1.0,2,1.0,0.0,0.0
171,RN2632,religious_institution,1.0,-1.0,-1.0,1.0,1.0,0.0,1.0,0.0,0,0.0,0.0,0.0
172,2228,other_business,1.0,-1.0,-1.0,1.0,1.0,0.0,1.0,1.0,2,1.0,0.0,0.0
173,RN2253,shop,1.0,-1.0,-1.0,1.0,1.0,0.0,1.0,0.0,0,1.0,0.0,0.0
174,RN2803,shop,1.0,-1.0,-1.0,1.0,1.0,0.0,1.0,1.0,1,1.0,0.0,0.0
175,RN2328,clinic,1.0,-1.0,-1.0,1.0,1.0,1.0,0.0,0.0,0,1.0,0.0,0.0
176,RN2285,other_business,1.0,-1.0,-1.0,1.0,1.0,1.0,0.0,0.0,0,1.0,0.0,0.0
177,RN2393,shop,1.0,-1.0,-1.0,1.0,1.0,1.0,0.0,0.0,0,1.0,0.0,0.0
178,RN2325,other_business,1.0,-1.0,-1.0,1.0,1.0,1.0,0.0,0.0,0,1.0,0.0,0.0
179,RN2266,shop,1.0,-1.0,-1.0,1.0,1.0,1.0,0.0,1.0,2,1.0,0.0,0.0
180,RN2214,shop,1.0,-1.0,-1.0,1.0,1.0,0.0,1.0,0.0,0,1.0,0.0,0.0
181,RN2269,other_business,1.0,-1.0,-1.0,1.0,1.0,1.0,0.0,0.0,3,1.0,0.0,0.0
182,RN2692,shop,1.0,-1.0,-1.0,1.0,1.0,0.0,1.0,0.0,0,1.0,0.0,0.0
183,RN2691,shop,1.0,-1.0,-1.0,1.0,1.0,1.0,0.0,0.0,0,1.0,0.0,0.0
184,RN2336,shop,1.0,-1.0,-1.0,1.0,1.0,1.0,0.0,0.0,0,1.0,0.0,0.0
185,RN2378,other_business,1.0,-1.0,-1.0,1.0,1.0,1.0,0.0,0.0,0,0.0,0.0,0.0
186,RN2454,other_business,1.0,-1.0,-1.0,1.0,1.0,1.0,0.0,0.0,0,1.0,0.0,0.0
187,RN2296,other_business,1.0,-1.0,-1.0,1.0,1.0,0.0,1.0,0.0,0,1.0,0.0,0.0
188,RN2393,other_business,1.0,-1.0,-1.0,1.0,1.0,1.0,0.0,0.0,0,1.0,0.0,0.0
189,RN2273,other_business,1.0,-1.0,-1.0,1.0,1.0,0.0,1.0,0.0,0,1.0,0.0,0.0
190,RN2268,other_business,1.0,-1.0,-1.0,1.0,1.0,0.0,1.0,0.0,0,1.0,0.0,0.0
191,RN2394,other_business,1.0,-1.0,-1.0,1.0,1.0,0.0,1.0,0.0,0,1.0,0.0,0.0
192,RN2265,other_business,1.0,-1.0,-1.0,1.0,1.0,1.0,0.0,0.0,0,1.0,0.0,0.0
193,RN2386,shop,1.0,-1.0,-1.0,1.0,1.0,0.0,1.0,0.0,0,1.0,0.0,0.0
194,RN2238,other_business,1.0,-1.0,-1.0,1.0,1.0,1.0,0.0,0.0,1,1.0,0.0,0.0
195,RN2265,shop,1.0,-1.0,-1.0,1.0,1.0,0.0,1.0,0.0,0,1.0,0.0,0.0
196,RN2374,other_business,1.0,-1.0,-1.0,1.0,-1.0,1.0,0.0,0.0,0,1.0,0.0,0.0
197,2262,other_business,1.0,-1.0,-1.0,1.0,1.0,1.0,0.0,0.0,0,1.0,0.0,0.0
198,RN2424,shop,1.0,-1.0,-1.0,1.0,1.0,0.0,1.0,0.0,0,1.0,0.0,0.0
199,RN2428,religious_institution,1.0,-1.0,-1.0,1.0,1.0,1.0,0.0,0.0,0,0.0,0.0,0.0
200,RN2276,other_business,1.0,-1.0,-1.0,1.0,1.0,0.0,1.0,1.0,2,1.0,0.0,0.0
201,151200,religious_institution,1.0,0.0,0.0,0.0,0.0,0.0,1.0,0.0,0,,,
202,8733705,school,1.0,0.0,0.0,0.0,0.0,1.0,0.0,0.0,0,,0.0,0.0
203,151140,shop,1.0,-1.0,-1.0,1.0,0.0,0.0,1.0,1.0,1,1.0,1.0,1.0
204,151125,shop,1.0,1.0,1.0,1.0,0.0,1.0,0.0,0.0,0,1.0,,
205,151115,shop,1.0,0.0,0.0,0.0,0.0,1.0,0.0,1.0,1,1.0,,
206,151118,shop,1.0,0.0,1.0,0.0,0.0,1.0,0.0,0.0,0,1.0,,
207,151220,shop,1.0,0.0,1.0,0.0,0.0,1.0,0.0,0.0,0,1.0,,0.0
208,151135,shop,1.0,-1.0,-1.0,1.0,0.0,0.0,1.0,1.0,1,1.0,1.0,1.0
209,151150,other_business,1.0,-1.0,-1.0,1.0,1.0,0.0,1.0,1.0,3,1.0,1.0,1.0
210,151192,school,1.0,-1.0,-1.0,1.0,0.0,1.0,0.0,1.0,3,1.0,1.0,1.0
211,151127,shop,1.0,-1.0,-1.0,1.0,0.0,1.0,0.0,0.0,0,1.0,1.0,1.0
212,151193,clinic,1.0,0.0,1.0,1.0,0.0,1.0,0.0,1.0,6,,,
213,151135,shop,1.0,0.0,1.0,0.0,0.0,1.0,0.0,0.0,0,0.0,,
214,151190,shop,1.0,0.0,1.0,0.0,0.0,1.0,0.0,-1.0,0,0.0,,
215,151177,school,1.0,0.0,1.0,1.0,0.0,1.0,0.0,1.0,1,,1.0,1.0
216,151250,school,1.0,0.0,0.0,1.0,0.0,0.0,1.0,1.0,1,,1.0,1.0
217,210110,clinic,1.0,-1.0,-1.0,1.0,0.0,0.0,1.0,1.0,2,1.0,0.0,0.0
218,21010,other_business,1.0,-1.0,-1.0,1.0,0.0,0.0,1.0,0.0,0,1.0,0.0,0.0
219,210160,other_business,1.0,-1.0,-1.0,1.0,0.0,0.0,1.0,0.0,0,1.0,0.0,
220,210118,religious_institution,1.0,-1.0,-1.0,1.0,0.0,0.0,1.0,0.0,0,,,
221,210123,religious_institution,1.0,-1.0,-1.0,1.0,0.0,0.0,1.0,0.0,0,,,
222,210119,shop,1.0,-1.0,-1.0,1.0,0.0,0.0,1.0,0.0,0,1.0,,
223,210124,shop,1.0,-1.0,-1.0,1.0,0.0,1.0,0.0,0.0,0,1.0,,
224,210114,other_business,0.0,-1.0,-1.0,0.0,0.0,1.0,0.0,0.0,0,-1.0,,
225,210130,other_business,1.0,-1.0,-1.0,1.0,0.0,0.0,1.0,1.0,1,1.0,,
226,210135,other_business,1.0,-1.0,-1.0,1.0,0.0,0.0,1.0,1.0,2,1.0,,
227,210112,shop,1.0,-1.0,-1.0,1.0,0.0,0.0,1.0,0.0,0,1.0,,
228,210101,shop,1.0,-1.0,-1.0,1.0,0.0,0.0,1.0,0.0,0,1.0,,
229,210122,school,1.0,-1.0,-1.0,1.0,0.0,0.0,1.0,0.0,0,,1.0,1.0
230,210125,shop,0.0,-1.0,-1.0,1.0,0.0,0.0,1.0,0.0,0,1.0,,
231,210153,shop,1.0,-1.0,-1.0,1.0,0.0,1.0,0.0,0.0,0,1.0,,
232,210107,shop,1.0,-1.0,-1.0,1.0,0.0,1.0,0.0,0.0,0,1.0,,
233,210105,shop,1.0,-1.0,-1.0,1.0,0.0,0.0,1.0,1.0,2,1.0,,
234,210102,shop,1.0,-1.0,-1.0,1.0,0.0,0.0,1.0,0.0,0,1.0,,
235,210139,shop,1.0,-1.0,-1.0,1.0,0.0,1.0,0.0,0.0,0,1.0,,
236,200103,shop,1.0,-1.0,-1.0,1.0,0.0,0.0,1.0,0.0,0,1.0,,
237,200154,shop,1.0,-1.0,-1.0,1.0,0.0,0.0,1.0,0.0,0,1.0,,
238,200153,shop,1.0,-1.0,-1.0,1.0,0.0,0.0,1.0,0.0,0,1.0,,
239,200104,shop,1.0,-1.0,-1.0,1.0,0.0,0.0,1.0,0.0,0,1.0,,
240,200105,shop,1.0,-1.0,-1.0,1.0,0.0,1.0,0.0,0.0,0,1.0,,
241,201139,shop,1.0,-1.0,-1.0,1.0,0.0,0.0,1.0,0.0,0,1.0,,
242,201143,shop,1.0,-1.0,-1.0,1.0,0.0,0.0,1.0,0.0,0,1.0,,
243,201137,shop,1.0,-1.0,-1.0,1.0,0.0,1.0,0.0,0.0,0,1.0,,
244,200155,shop,1.0,-1.0,-1.0,1.0,0.0,1.0,0.0,0.0,0,1.0,,
245,200114,shop,1.0,-1.0,-1.0,1.0,0.0,0.0,1.0,0.0,0,1.0,,
246,201166,shop,1.0,-1.0,-1.0,1.0,0.0,0.0,1.0,0.0,0,1.0,,
247,200118,shop,1.0,-1.0,-1.0,1.0,0.0,0.0,1.0,0.0,0,1.0,,
248,200108,shop,1.0,-1.0,-1.0,1.0,0.0,0.0,1.0,0.0,0,1.0,,
249,200116,shop,1.0,-1.0,-1.0,1.0,0.0,0.0,1.0,0.0,0,1.0,,
250,200144,school,1.0,-1.0,-1.0,1.0,0.0,0.0,1.0,0.0,0,,1.0,1.0
251,20014,school,1.0,-1.0,-1.0,1.0,0.0,0.0,1.0,0.0,0,,1.0,1.0
252,200141,school,1.0,-1.0,-1.0,1.0,0.0,0.0,1.0,0.0,0,,1.0,1.0
253,200145,school,1.0,-1.0,-1.0,1.0,0.0,0.0,1.0,0.0,0,,1.0,1.0
254,200143,school,1.0,-1.0,-1.0,1.0,0.0,0.0,1.0,0.0,0,,1.0,1.0
255,200140,school,1.0,1.0,1.0,1.0,1.0,0.0,1.0,1.0,,1.0,1.0,1.0
256,200140,school,1.0,-1.0,-1.0,1.0,0.0,0.0,1.0,0.0,0,,1.0,1.0
257,201161,religious_institution,1.0,-1.0,-1.0,1.0,0.0,0.0,1.0,0.0,0,,,
258,201122,religious_institution,1.0,-1.0,-1.0,1.0,0.0,0.0,1.0,0.0,0,,,
259,201123,religious_institution,1.0,-1.0,-1.0,1.0,0.0,0.0,1.0,0.0,0,,,
260,200151,other_business,1.0,-1.0,-1.0,1.0,0.0,0.0,1.0,0.0,0,1.0,,
261,200152,other_business,1.0,-1.0,-1.0,1.0,0.0,0.0,1.0,0.0,0,1.0,,
262,201124,shop,1.0,-1.0,-1.0,1.0,0.0,0.0,1.0,0.0,0,1.0,,
263,200139,clinic,1.0,-1.0,-1.0,0.0,0.0,0.0,1.0,0.0,0,,,
264,200148,school,1.0,-1.0,-1.0,1.0,0.0,0.0,1.0,0.0,0,,1.0,1.0
265,200109,shop,1.0,-1.0,-1.0,1.0,0.0,0.0,1.0,0.0,0,1.0,,
266,200129,shop,1.0,-1.0,-1.0,1.0,0.0,1.0,0.0,0.0,0,1.0,,
267,200154,shop,1.0,-1.0,-1.0,1.0,0.0,0.0,1.0,0.0,0,1.0,,
268,201145,shop,1.0,-1.0,-1.0,1.0,0.0,0.0,1.0,0.0,0,1.0,,
269,201137,shop,1.0,-1.0,-1.0,1.0,0.0,0.0,1.0,0.0,0,1.0,,
270,200122,shop,1.0,-1.0,-1.0,1.0,0.0,0.0,1.0,0.0,0,1.0,,
271,201178,shop,1.0,-1.0,-1.0,1.0,0.0,0.0,1.0,0.0,0,1.0,,
272,200117,shop,1.0,-1.0,-1.0,1.0,0.0,0.0,1.0,0.0,0,1.0,,
273,200135,shop,1.0,-1.0,-1.0,1.0,0.0,0.0,1.0,1.0,2,1.0,,
274,200120,shop,1.0,-1.0,-1.0,1.0,0.0,0.0,1.0,0.0,0,1.0,,
275,200127,shop,1.0,-1.0,-1.0,1.0,0.0,0.0,1.0,0.0,0,1.0,,
276,200109,shop,1.0,-1.0,-1.0,1.0,0.0,0.0,1.0,0.0,0,1.0,,
277,232169,shop,1.0,-1.0,-1.0,1.0,1.0,1.0,0.0,0.0,0,1.0,,
278,232102,shop,1.0,-1.0,-1.0,1.0,1.0,0.0,1.0,0.0,0,1.0,,
279,23214,school,1.0,-1.0,-1.0,1.0,1.0,0.0,1.0,0.0,0,,1.0,1.0
280,232110,clinic,1.0,-1.0,-1.0,1.0,1.0,0.0,1.0,0.0,0,,,
281,232109,shop,1.0,-1.0,-1.0,1.0,1.0,0.0,1.0,0.0,0,1.0,,
282,23210,shop,1.0,-1.0,-1.0,1.0,1.0,1.0,0.0,0.0,0,1.0,,
283,23210,shop,1.0,-1.0,-1.0,1.0,1.0,0.0,1.0,0.0,0,1.0,,
284,242105,shop,1.0,-1.0,-1.0,1.0,1.0,0.0,1.0,0.0,0,1.0,,
285,232103,shop,1.0,-1.0,-1.0,1.0,1.0,1.0,0.0,0.0,0,1.0,,
286,232118,shop,1.0,-1.0,-1.0,1.0,1.0,0.0,1.0,1.0,1,1.0,,
287,232115,shop,1.0,-1.0,-1.0,1.0,1.0,0.0,1.0,0.0,0,1.0,,
288,224595,shop,1.0,-1.0,-1.0,1.0,1.0,1.0,0.0,0.0,0,1.0,,
289,224592,other_business,1.0,-1.0,-1.0,1.0,1.0,0.0,1.0,0.0,0,1.0,,
290,224587,shop,1.0,-1.0,-1.0,1.0,1.0,0.0,1.0,0.0,0,1.0,,
291,224631,shop,1.0,-1.0,-1.0,1.0,1.0,0.0,1.0,1.0,1,1.0,,
292,224681,other_business,1.0,-1.0,-1.0,1.0,1.0,1.0,0.0,0.0,0,1.0,,
293,224766,shop,1.0,-1.0,-1.0,1.0,1.0,0.0,1.0,0.0,0,1.0,,
294,224761,other_business,1.0,-1.0,-1.0,1.0,1.0,0.0,1.0,0.0,0,1.0,,
295,224570,shop,1.0,-1.0,-1.0,1.0,1.0,0.0,1.0,0.0,0,1.0,,
296,224577,shop,1.0,-1.0,-1.0,1.0,1.0,0.0,1.0,0.0,0,1.0,,
297,224866,other_business,1.0,-1.0,-1.0,1.0,1.0,0.0,1.0,1.0,2,1.0,,
298,224663,other_business,1.0,-1.0,-1.0,1.0,1.0,0.0,1.0,1.0,2,1.0,,
299,224633,shop,1.0,-1.0,-1.0,1.0,1.0,0.0,1.0,0.0,0,1.0,,
300,224797,shop,1.0,-1.0,-1.0,1.0,1.0,0.0,1.0,0.0,0,1.0,,
301,224572,other_business,1.0,-1.0,-1.0,1.0,1.0,0.0,1.0,0.0,0,1.0,,
302,224572,shop,1.0,-1.0,-1.0,1.0,1.0,0.0,1.0,0.0,0,1.0,,
303,224606,other_business,1.0,-1.0,-1.0,1.0,1.0,1.0,0.0,1.0,2,1.0,,
304,224732,religious_institution,1.0,-1.0,-1.0,1.0,1.0,0.0,1.0,0.0,0,0.0,,
305,224702,shop,1.0,-1.0,-1.0,1.0,1.0,0.0,1.0,0.0,0,1.0,,
306,224629,other_business,1.0,-1.0,-1.0,1.0,1.0,1.0,0.0,0.0,0,,,
307,224658,religious_institution,1.0,-1.0,-1.0,1.0,1.0,0.0,1.0,0.0,0,,,
308,224598,clinic,1.0,-1.0,-1.0,1.0,1.0,1.0,0.0,0.0,0,,,
309,224805,other_business,1.0,-1.0,-1.0,1.0,1.0,0.0,1.0,0.0,0,1.0,,
310,224567,shop,1.0,-1.0,-1.0,1.0,1.0,1.0,0.0,0.0,0,1.0,,
311,224841,shop,1.0,-1.0,-1.0,1.0,1.0,1.0,0.0,0.0,0,1.0,,
312,224643,shop,1.0,-1.0,-1.0,1.0,1.0,1.0,0.0,0.0,0,1.0,,
313,224613,shop,1.0,-1.0,-1.0,1.0,1.0,1.0,0.0,0.0,0,1.0,,
314,224578,shop,1.0,-1.0,-1.0,1.0,1.0,0.0,1.0,0.0,0,1.0,,
315,224622,school,1.0,-1.0,-1.0,1.0,1.0,1.0,0.0,1.0,0,1.0,1.0,1.0
316,22461,shop,1.0,-1.0,-1.0,1.0,1.0,0.0,1.0,1.0,1,1.0,,
317,224616,shop,1.0,-1.0,-1.0,1.0,1.0,0.0,1.0,1.0,2,1.0,,
318,224782,other_business,1.0,-1.0,-1.0,1.0,1.0,1.0,0.0,0.0,2,1.0,,
319,224772,other_business,1.0,-1.0,-1.0,1.0,1.0,1.0,0.0,0.0,0,1.0,,
320,224773,other_business,1.0,-1.0,-1.0,1.0,1.0,0.0,1.0,1.0,1,1.0,,
321,22460,shop,1.0,-1.0,-1.0,1.0,1.0,0.0,1.0,0.0,0,1.0,,
322,224740,school,1.0,-1.0,-1.0,1.0,1.0,0.0,1.0,0.0,0,,1.0,1.0
323,224742,school,1.0,-1.0,-1.0,1.0,1.0,0.0,1.0,0.0,0,,1.0,1.0
324,242319,other_business,1.0,-1.0,-1.0,1.0,1.0,0.0,1.0,0.0,0,1.0,,
325,242190,shop,1.0,-1.0,-1.0,1.0,1.0,0.0,1.0,0.0,0,1.0,,
326,242180,shop,1.0,-1.0,-1.0,1.0,1.0,1.0,0.0,0.0,0,1.0,,
327,242109,shop,1.0,-1.0,-1.0,1.0,1.0,0.0,1.0,1.0,1,1.0,,
328,242123,shop,1.0,-1.0,-1.0,1.0,1.0,1.0,0.0,0.0,0,1.0,,
329,242122,shop,1.0,-1.0,-1.0,1.0,1.0,1.0,0.0,0.0,0,1.0,,
330,242124,shop,1.0,-1.0,-1.0,1.0,1.0,1.0,0.0,0.0,0,1.0,,
331,242162,shop,1.0,-1.0,-1.0,1.0,1.0,1.0,0.0,0.0,0,1.0,,
332,242321,other_business,1.0,-1.0,1.0,1.0,1.0,1.0,0.0,0.0,0,,,
333,242154,religious_institution,1.0,-1.0,-1.0,1.0,1.0,1.0,0.0,0.0,0,,,
334,242255,school,1.0,-1.0,-1.0,1.0,1.0,0.0,1.0,0.0,0,,1.0,1.0
335,242290,other_business,1.0,-1.0,-1.0,1.0,1.0,1.0,0.0,0.0,0,1.0,,
336,242316,shop,1.0,-1.0,-1.0,1.0,1.0,1.0,0.0,0.0,0,1.0,,
337,242331,other_business,1.0,-1.0,-1.0,1.0,1.0,0.0,1.0,0.0,0,1.0,,
338,252154,other_business,1.0,-1.0,-1.0,1.0,0.0,0.0,1.0,0.0,0,1.0,,
339,252101,other_business,1.0,-1.0,-1.0,1.0,0.0,1.0,0.0,0.0,0,1.0,,
340,252203,clinic,1.0,-1.0,-1.0,1.0,0.0,1.0,0.0,0.0,0,1.0,,
341,252180,clinic,1.0,-1.0,-1.0,1.0,0.0,1.0,0.0,0.0,0,,,
342,252168,other_business,1.0,-1.0,-1.0,1.0,0.0,0.0,1.0,0.0,0,1.0,,
343,252117,shop,1.0,-1.0,-1.0,1.0,0.0,1.0,0.0,0.0,0,1.0,,
344,25221,shop,1.0,-1.0,-1.0,1.0,0.0,1.0,0.0,0.0,0,1.0,,
345,252103,shop,1.0,-1.0,-1.0,1.0,0.0,0.0,1.0,0.0,0,1.0,,
346,252103,shop,1.0,-1.0,-1.0,1.0,0.0,0.0,1.0,0.0,0,1.0,,
347,252217,shop,1.0,-1.0,-1.0,1.0,0.0,1.0,0.0,0.0,0,1.0,,
348,252120,religious_institution,1.0,-1.0,-1.0,1.0,0.0,1.0,0.0,0.0,0,,,
349,252193,religious_institution,1.0,-1.0,-1.0,1.0,0.0,1.0,0.0,0.0,0,,,
350,252177,shop,1.0,-1.0,-1.0,1.0,0.0,1.0,0.0,0.0,0,1.0,,
351,252163,shop,1.0,-1.0,-1.0,1.0,0.0,0.0,1.0,0.0,0,1.0,,
352,252105,shop,1.0,-1.0,-1.0,1.0,0.0,1.0,0.0,0.0,0,1.0,,
353,252144,shop,1.0,-1.0,-1.0,1.0,0.0,0.0,1.0,0.0,0,1.0,,
354,252110,shop,1.0,-1.0,-1.0,1.0,0.0,0.0,1.0,0.0,0,1.0,,
355,252166,shop,1.0,-1.0,-1.0,1.0,0.0,1.0,0.0,0.0,0,1.0,,
356,252133,shop,1.0,-1.0,-1.0,1.0,0.0,1.0,0.0,0.0,0,1.0,,
357,252124,shop,1.0,-1.0,-1.0,1.0,0.0,0.0,1.0,0.0,0,1.0,,
358,252173,shop,1.0,-1.0,-1.0,1.0,0.0,0.0,1.0,0.0,0,1.0,,
359,252109,shop,1.0,-1.0,-1.0,1.0,0.0,1.0,0.0,0.0,0,1.0,,
360,252139,shop,1.0,-1.0,-1.0,1.0,0.0,1.0,0.0,0.0,0,1.0,,
361,252206,religious_institution,1.0,-1.0,-1.0,1.0,0.0,0.0,1.0,0.0,0,,,
362,25216,shop,1.0,-1.0,-1.0,1.0,0.0,1.0,0.0,0.0,0,1.0,,
363,252115,shop,1.0,-1.0,-1.0,1.0,0.0,0.0,1.0,0.0,0,1.0,,
364,252197,school,1.0,-1.0,-1.0,1.0,0.0,0.0,1.0,0.0,0,,1.0,1.0
365,252171,shop,1.0,0.0,0.0,1.0,0.0,1.0,0.0,0.0,0,1.0,,
366,252144,other_business,1.0,0.0,0.0,1.0,0.0,1.0,0.0,0.0,0,1.0,,
367,252165,shop,1.0,-1.0,-1.0,1.0,0.0,1.0,0.0,0.0,0,1.0,,
368,252162,shop,1.0,0.0,0.0,1.0,0.0,1.0,0.0,0.0,0,1.0,,
369,190121,other_business,1.0,0.0,0.0,1.0,0.0,0.0,1.0,1.0,0,1.0,,
370,190225,other_business,0.0,0.0,0.0,1.0,0.0,1.0,0.0,0.0,0,1.0,,
371,190112,shop,1.0,0.0,0.0,1.0,0.0,0.0,1.0,0.0,0,1.0,,
372,190100,shop,1.0,0.0,0.0,1.0,0.0,1.0,0.0,0.0,0,1.0,,
373,19011,other_business,1.0,0.0,-1.0,1.0,0.0,0.0,1.0,0.0,0,1.0,,
374,19016,religious_institution,1.0,-1.0,-1.0,1.0,0.0,0.0,1.0,0.0,0,,,
375,190108,shop,1.0,-1.0,-1.0,1.0,0.0,0.0,1.0,0.0,0,1.0,,
376,190110,shop,1.0,-1.0,-1.0,1.0,0.0,1.0,0.0,0.0,0,1.0,,
377,190101,shop,1.0,-1.0,-1.0,1.0,0.0,0.0,1.0,0.0,0,1.0,,
378,190145,clinic,1.0,-1.0,-1.0,1.0,0.0,1.0,0.0,0.0,0,,,
379,190146,clinic,1.0,-1.0,-1.0,1.0,0.0,0.0,1.0,0.0,0,,,
380,190104,other_business,1.0,-1.0,-1.0,1.0,0.0,0.0,1.0,0.0,0,1.0,,
381,190103,other_business,1.0,-1.0,-1.0,1.0,0.0,0.0,1.0,0.0,0,1.0,,
382,190249,clinic,1.0,-1.0,-1.0,1.0,0.0,0.0,1.0,1.0,2,1.0,,
383,190218,religious_institution,1.0,-1.0,-1.0,1.0,0.0,0.0,1.0,0.0,0,,,
384,190215,religious_institution,1.0,-1.0,-1.0,1.0,0.0,0.0,1.0,0.0,0,,,
385,190220,religious_institution,1.0,-1.0,-1.0,1.0,0.0,1.0,0.0,0.0,0,,,
386,19026,school,1.0,-1.0,-1.0,1.0,0.0,0.0,1.0,0.0,0,,1.0,1.0
387,190232,school,1.0,-1.0,-1.0,1.0,0.0,0.0,1.0,0.0,0,,1.0,1.0
388,190234,school,1.0,-1.0,-1.0,1.0,0.0,0.0,1.0,0.0,0,,1.0,1.0
389,190236,school,1.0,-1.0,-1.0,1.0,0.0,0.0,1.0,0.0,0,,1.0,1.0
390,19023,school,1.0,-1.0,-1.0,1.0,0.0,0.0,1.0,0.0,0,,1.0,1.0
391,190233,school,1.0,-1.0,-1.0,1.0,0.0,0.0,1.0,0.0,0,,1.0,1.0
392,190346,school,1.0,-1.0,-1.0,1.0,0.0,0.0,1.0,0.0,0,,1.0,1.0
393,190345,school,1.0,-1.0,-1.0,1.0,0.0,0.0,1.0,0.0,0,,1.0,1.0
394,521042,shop,1.0,-1.0,-1.0,1.0,0.0,1.0,0.0,0.0,,1.0,,
395,521092,shop,1.0,,,1.0,0.0,1.0,0.0,0.0,,1.0,,
396,521060,shop,1.0,-1.0,,1.0,1.0,0.0,1.0,0.0,,1.0,,
397,521183,shop,1.0,-1.0,-1.0,1.0,0.0,1.0,0.0,0.0,,1.0,,
398,521130,shop,1.0,-1.0,-1.0,1.0,1.0,1.0,0.0,-1.0,1,0.0,,
399,521146,shop,1.0,-1.0,-1.0,1.0,1.0,1.0,0.0,0.0,,0.0,,
400,521162,clinic,1.0,-1.0,-1.0,1.0,0.0,1.0,0.0,0.0,,,,1.0
401,521205,shop,1.0,-1.0,-1.0,1.0,0.0,0.0,1.0,1.0,1,1.0,,1.0
402,521268,other_business,1.0,-1.0,-1.0,1.0,1.0,0.0,1.0,0.0,,0.0,,
403,521286,religious_institution,1.0,-1.0,-1.0,1.0,0.0,0.0,1.0,0.0,,,,
404,521234,religious_institution,0.0,-1.0,-1.0,1.0,1.0,0.0,1.0,0.0,,,,
405,521124,religious_institution,1.0,0.0,-1.0,1.0,0.0,1.0,0.0,0.0,,,,
406,521230,religious_institution,1.0,-1.0,-1.0,0.0,0.0,1.0,0.0,0.0,,,,
407,530321,religious_institution,1.0,-1.0,-1.0,1.0,0.0,1.0,0.0,0.0,,1.0,,
408,530186,shop,1.0,-1.0,-1.0,1.0,0.0,1.0,0.0,1.0,1,1.0,,
409,530186,shop,1.0,-1.0,-1.0,1.0,0.0,1.0,0.0,-1.0,0,1.0,,
410,530012,shop,1.0,-1.0,-1.0,1.0,0.0,0.0,1.0,0.0,,1.0,,
411,530005,shop,1.0,-1.0,-1.0,-1.0,0.0,1.0,0.0,0.0,,1.0,,
412,530098,shop,1.0,-1.0,-1.0,0.0,0.0,0.0,1.0,0.0,,0.0,,
413,530125,religious_institution,1.0,-1.0,-1.0,0.0,0.0,1.0,0.0,0.0,,0.0,,
414,530131,clinic,1.0,-1.0,-1.0,0.0,0.0,0.0,1.0,0.0,,,,
415,53023,school,1.0,-1.0,-1.0,0.0,-1.0,1.0,0.0,0.0,,,0.0,0.0
416,530303,religious_institution,1.0,-1.0,-1.0,0.0,0.0,1.0,0.0,0.0,,,,
417,530170,religious_institution,1.0,-1.0,-1.0,0.0,0.0,1.0,0.0,0.0,,,,
418,530082,religious_institution,1.0,-1.0,-1.0,0.0,0.0,1.0,0.0,0.0,,,,
419,530120,religious_institution,1.0,-1.0,-1.0,0.0,0.0,0.0,1.0,0.0,,,,
420,530314,religious_institution,1.0,-1.0,-1.0,0.0,0.0,1.0,0.0,0.0,,,,
421,530190,religious_institution,1.0,-1.0,-1.0,0.0,0.0,1.0,0.0,0.0,,,,
422,530325,shop,1.0,-1.0,-1.0,1.0,0.0,1.0,0.0,0.0,,1.0,,
423,53413,shop,1.0,-1.0,-1.0,1.0,0.0,0.0,1.0,0.0,,1.0,,
424,530253,religious_institution,1.0,-1.0,-1.0,1.0,0.0,0.0,1.0,0.0,,0.0,,
425,530149,religious_institution,1.0,-1.0,-1.0,1.0,0.0,0.0,1.0,0.0,,1.0,,
426,53252,religious_institution,1.0,-1.0,-1.0,-1.0,0.0,1.0,0.0,0.0,,1.0,,
427,530193,religious_institution,1.0,-1.0,-1.0,1.0,-1.0,0.0,1.0,0.0,,1.0,,
428,550030,religious_institution,1.0,-1.0,-1.0,1.0,0.0,0.0,1.0,0.0,,0.0,,
429,550166,religious_institution,1.0,-1.0,-1.0,0.0,0.0,1.0,0.0,0.0,,0.0,,
430,550042,religious_institution,1.0,-1.0,0.0,0.0,0.0,1.0,0.0,0.0,,0.0,,
431,550046,religious_institution,1.0,-1.0,-1.0,0.0,0.0,1.0,0.0,0.0,,0.0,,
432,550094,other_business,1.0,-1.0,-1.0,-1.0,0.0,1.0,0.0,0.0,,1.0,,
433,540160,shop,1.0,-1.0,-1.0,1.0,0.0,1.0,0.0,0.0,,1.0,,
434,540199,religious_institution,1.0,-1.0,-1.0,0.0,0.0,1.0,0.0,0.0,,0.0,,
435,540014,religious_institution,1.0,-1.0,-1.0,0.0,0.0,1.0,0.0,0.0,,0.0,,
436,540095,religious_institution,1.0,-1.0,-1.0,0.0,0.0,1.0,0.0,0.0,,0.0,,
437,540183,religious_institution,1.0,-1.0,-1.0,0.0,0.0,1.0,0.0,0.0,,0.0,,
438,560085,school,1.0,-1.0,-1.0,0.0,0.0,1.0,0.0,0.0,,,1.0,1.0
439,560003,religious_institution,1.0,-1.0,-1.0,1.0,0.0,0.0,1.0,0.0,,0.0,,
440,570141,clinic,1.0,-1.0,-1.0,0.0,0.0,1.0,0.0,0.0,,,,
441,570042,religious_institution,1.0,-1.0,-1.0,-1.0,,1.0,0.0,0.0,,0.0,,
442,570136,school,1.0,-1.0,-1.0,0.0,0.0,1.0,0.0,0.0,,,0.0,0.0
443,570116,religious_institution,1.0,-1.0,-1.0,0.0,0.0,1.0,0.0,0.0,,0.0,,
444,570110,religious_institution,1.0,-1.0,-1.0,0.0,0.0,1.0,0.0,0.0,,0.0,,
445,570068,religious_institution,1.0,-1.0,-1.0,0.0,0.0,1.0,0.0,0.0,,0.0,,
446,570043,religious_institution,1.0,-1.0,-1.0,0.0,0.0,1.0,0.0,0.0,,0.0,,
447,560205,religious_institution,1.0,0.0,-1.0,0.0,0.0,1.0,0.0,0.0,,,,
448,560219,religious_institution,1.0,-1.0,-1.0,0.0,0.0,1.0,0.0,0.0,,,,
449,560217,religious_institution,1.0,-1.0,-1.0,0.0,0.0,1.0,0.0,0.0,,0.0,,
450,560136,religious_institution,1.0,-1.0,-1.0,0.0,0.0,1.0,0.0,0.0,,,,
451,501125,shop,1.0,-1.0,-1.0,1.0,0.0,0.0,1.0,0.0,,1.0,,
452,501127,shop,1.0,-1.0,-1.0,-1.0,1.0,0.0,1.0,0.0,,0.0,,
453,501131,shop,0.0,-1.0,-1.0,-1.0,0.0,1.0,0.0,0.0,,,,
454,501157,shop,1.0,-1.0,-1.0,0.0,0.0,0.0,1.0,0.0,,0.0,,
455,501158,shop,1.0,-1.0,-1.0,1.0,1.0,0.0,1.0,0.0,,1.0,,
456,501162,shop,1.0,-1.0,-1.0,0.0,0.0,0.0,1.0,1.0,1,1.0,,
457,501165,religious_institution,1.0,-1.0,-1.0,0.0,0.0,0.0,1.0,0.0,,0.0,,
458,501169,religious_institution,1.0,-1.0,-1.0,0.0,0.0,1.0,0.0,0.0,,0.0,,
459,502403,other_business,1.0,-1.0,-1.0,0.0,1.0,1.0,0.0,0.0,,0.0,,
460,501120,other_business,1.0,-1.0,-1.0,0.0,0.0,1.0,0.0,,,,0.0,1.0
461,501163,other_business,1.0,-1.0,-1.0,0.0,0.0,1.0,0.0,,,,0.0,1.0
462,503000,clinic,1.0,-1.0,-1.0,0.0,0.0,1.0,0.0,0.0,,,,
463,502508,religious_institution,1.0,0.0,0.0,0.0,0.0,1.0,0.0,0.0,,,,
464,501200,religious_institution,1.0,0.0,0.0,0.0,0.0,1.0,0.0,0.0,,,,
465,501123,shop,1.0,0.0,0.0,1.0,0.0,1.0,0.0,0.0,,1.0,,
466,501217,shop,1.0,0.0,0.0,1.0,0.0,1.0,0.0,0.0,,1.0,,
467,502525,shop,1.0,0.0,0.0,0.0,0.0,1.0,0.0,0.0,,0.0,,
468,503336,shop,1.0,0.0,0.0,0.0,0.0,1.0,0.0,0.0,,1.0,,
469,503356,shop,1.0,0.0,0.0,0.0,0.0,1.0,0.0,0.0,,0.0,,
